0.005,4.9999019,-0.04905,-0.04905,-9.81,-9.81,0.5,0.1
0.01,4.99955855,-0.0981,-0.0981,-9.81,-9.81,0.5,0.1
0.015,4.998969949999999,-0.14715000000000003,-0.14715000000000003,-9.81,-9.81,0.5,0.1
0.02,4.9981361,-0.1962000000000001,-0.1962000000000001,-9.81,-9.81,0.5,0.1
0.025,4.997056999999999,-0.24525000000000016,-0.24525000000000016,-9.81,-9.81,0.5,0.1
0.030000000000000002,4.995732649999999,-0.2943000000000001,-0.2943000000000001,-9.81,-9.81,0.5,0.1
0.035,4.994163049999999,-0.34335000000000004,-0.34335000000000004,-9.81,-9.81,0.5,0.1
0.04,4.992348199999999,-0.39239999999999997,-0.39239999999999997,-9.81,-9.81,0.5,0.1
0.045,4.990288099999999,-0.4414499999999999,-0.4414499999999999,-9.81,-9.81,0.5,0.1
0.049999999999999996,4.987982749999999,-0.4904999999999998,-0.4904999999999998,-9.81,-9.81,0.5,0.1
0.05499999999999999,4.9854321499999985,-0.5395499999999998,-0.5395499999999998,-9.81,-9.81,0.5,0.1
0.05999999999999999,4.982636299999999,-0.5885999999999997,-0.5885999999999997,-9.81,-9.81,0.5,0.1
0.06499999999999999,4.979595199999999,-0.6376499999999996,-0.6376499999999996,-9.81,-9.81,0.5,0.1
0.06999999999999999,4.976308849999999,-0.6866999999999995,-0.6866999999999995,-9.81,-9.81,0.5,0.1
0.075,4.972777249999999,-0.7357499999999995,-0.7357499999999995,-9.81,-9.81,0.5,0.1
0.08,4.969000399999999,-0.7847999999999994,-0.7847999999999994,-9.81,-9.81,0.5,0.1
0.085,4.964978299999999,-0.8338499999999993,-0.8338499999999993,-9.81,-9.81,0.5,0.1
0.09000000000000001,4.960710949999999,-0.8828999999999992,-0.8828999999999992,-9.81,-9.81,0.5,0.1
0.09500000000000001,4.956198349999999,-0.9319499999999992,-0.9319499999999992,-9.81,-9.81,0.5,0.1
0.10000000000000002,4.9514405,-0.9809999999999991,-0.9809999999999991,-9.81,-9.81,0.5,0.1
0.10500000000000002,4.9464374,-1.0300499999999995,-1.0300499999999995,-9.81,-9.81,0.5,0.1
0.11000000000000003,4.94118905,-1.0791,-1.0791,-9.81,-9.81,0.5,0.1
0.11500000000000003,4.935695450000001,-1.1281500000000004,-1.1281500000000004,-9.81,-9.81,0.5,0.1
0.12000000000000004,4.9299566,-1.177200000000001,-1.177200000000001,-9.81,-9.81,0.5,0.1
0.12500000000000003,4.9239725,-1.2262500000000014,-1.2262500000000014,-9.81,-9.81,0.5,0.1
0.13000000000000003,4.91774315,-1.2753000000000019,-1.2753000000000019,-9.81,-9.81,0.5,0.1
0.13500000000000004,4.911268549999999,-1.3243500000000024,-1.3243500000000024,-9.81,-9.81,0.5,0.1
0.14000000000000004,4.904548699999999,-1.3734000000000028,-1.3734000000000028,-9.81,-9.81,0.5,0.1
0.14500000000000005,4.897583599999999,-1.4224500000000033,-1.4224500000000033,-9.81,-9.81,0.5,0.1
0.15000000000000005,4.890373249999999,-1.4715000000000038,-1.4715000000000038,-9.81,-9.81,0.5,0.1
0.15500000000000005,4.8829176499999996,-1.5205500000000043,-1.5205500000000043,-9.81,-9.81,0.5,0.1
0.16000000000000006,4.875216799999999,-1.5696000000000048,-1.5696000000000048,-9.81,-9.81,0.5,0.1
0.16500000000000006,4.867270699999999,-1.6186500000000053,-1.6186500000000053,-9.81,-9.81,0.5,0.1
0.17000000000000007,4.859079349999999,-1.6677000000000057,-1.6677000000000057,-9.81,-9.81,0.5,0.1
0.17500000000000007,4.850642749999999,-1.7167500000000062,-1.7167500000000062,-9.81,-9.81,0.5,0.1
0.18000000000000008,4.841960899999999,-1.7658000000000067,-1.7658000000000067,-9.81,-9.81,0.5,0.1
0.18500000000000008,4.833033799999999,-1.8148500000000072,-1.8148500000000072,-9.81,-9.81,0.5,0.1
0.19000000000000009,4.823861449999999,-1.8639000000000077,-1.8639000000000077,-9.81,-9.81,0.5,0.1
0.1950000000000001,4.81444385,-1.9129500000000081,-1.9129500000000081,-9.81,-9.81,0.5,0.1
0.2000000000000001,4.804780999999999,-1.9620000000000086,-1.9620000000000086,-9.81,-9.81,0.5,0.1
0.2050000000000001,4.7948729,-2.011050000000009,-2.011050000000009,-9.81,-9.81,0.5,0.1
0.2100000000000001,4.78471955,-2.0601000000000083,-2.0601000000000083,-9.81,-9.81,0.5,0.1
0.2150000000000001,4.77432095,-2.1091500000000076,-2.1091500000000076,-9.81,-9.81,0.5,0.1
0.2200000000000001,4.7636771,-2.158200000000007,-2.158200000000007,-9.81,-9.81,0.5,0.1
0.22500000000000012,4.752788,-2.2072500000000064,-2.2072500000000064,-9.81,-9.81,0.5,0.1
0.23000000000000012,4.741653649999999,-2.2563000000000057,-2.2563000000000057,-9.81,-9.81,0.5,0.1
0.23500000000000013,4.730274049999999,-2.305350000000005,-2.305350000000005,-9.81,-9.81,0.5,0.1
0.24000000000000013,4.718649199999999,-2.3544000000000045,-2.3544000000000045,-9.81,-9.81,0.5,0.1
0.24500000000000013,4.7067790999999986,-2.403450000000004,-2.403450000000004,-9.81,-9.81,0.5,0.1
0.2500000000000001,4.694663749999999,-2.4525000000000032,-2.4525000000000032,-9.81,-9.81,0.5,0.1
0.2550000000000001,4.682303149999998,-2.5015500000000026,-2.5015500000000026,-9.81,-9.81,0.5,0.1
0.2600000000000001,4.669697299999998,-2.550600000000002,-2.550600000000002,-9.81,-9.81,0.5,0.1
0.2650000000000001,4.656846199999999,-2.5996500000000013,-2.5996500000000013,-9.81,-9.81,0.5,0.1
0.27000000000000013,4.643749849999998,-2.6487000000000007,-2.6487000000000007,-9.81,-9.81,0.5,0.1
0.27500000000000013,4.630408249999999,-2.69775,-2.69775,-9.81,-9.81,0.5,0.1
0.28000000000000014,4.616821399999998,-2.7467999999999995,-2.7467999999999995,-9.81,-9.81,0.5,0.1
0.28500000000000014,4.602989299999998,-2.795849999999999,-2.795849999999999,-9.81,-9.81,0.5,0.1
0.29000000000000015,4.588911949999999,-2.844899999999998,-2.844899999999998,-9.81,-9.81,0.5,0.1
0.29500000000000015,4.574589349999998,-2.8939499999999976,-2.8939499999999976,-9.81,-9.81,0.5,0.1
0.30000000000000016,4.560021499999999,-2.942999999999997,-2.942999999999997,-9.81,-9.81,0.5,0.1
0.30500000000000016,4.545208399999999,-2.9920499999999963,-2.9920499999999963,-9.81,-9.81,0.5,0.1
0.31000000000000016,4.530150049999999,-3.0410999999999957,-3.0410999999999957,-9.81,-9.81,0.5,0.1
0.31500000000000017,4.514846449999999,-3.090149999999995,-3.090149999999995,-9.81,-9.81,0.5,0.1
0.3200000000000002,4.499297599999999,-3.1391999999999944,-3.1391999999999944,-9.81,-9.81,0.5,0.1
0.3250000000000002,4.483503499999999,-3.188249999999994,-3.188249999999994,-9.81,-9.81,0.5,0.1
0.3300000000000002,4.4674641500000005,-3.237299999999993,-3.237299999999993,-9.81,-9.81,0.5,0.1
0.3350000000000002,4.45117955,-3.2863499999999926,-3.2863499999999926,-9.81,-9.81,0.5,0.1
0.3400000000000002,4.4346497,-3.335399999999992,-3.335399999999992,-9.81,-9.81,0.5,0.1
0.3450000000000002,4.4178746,-3.3844499999999913,-3.3844499999999913,-9.81,-9.81,0.5,0.1
0.3500000000000002,4.400854249999999,-3.4334999999999907,-3.4334999999999907,-9.81,-9.81,0.5,0.1
0.3550000000000002,4.383588649999999,-3.48254999999999,-3.48254999999999,-9.81,-9.81,0.5,0.1
0.3600000000000002,4.366077799999999,-3.5315999999999894,-3.5315999999999894,-9.81,-9.81,0.5,0.1
0.3650000000000002,4.348321699999999,-3.580649999999989,-3.580649999999989,-9.81,-9.81,0.5,0.1
0.3700000000000002,4.330320349999999,-3.629699999999988,-3.629699999999988,-9.81,-9.81,0.5,0.1
0.3750000000000002,4.312073749999999,-3.6787499999999875,-3.6787499999999875,-9.81,-9.81,0.5,0.1
0.3800000000000002,4.293581899999999,-3.727799999999987,-3.727799999999987,-9.81,-9.81,0.5,0.1
0.38500000000000023,4.2748447999999994,-3.7768499999999863,-3.7768499999999863,-9.81,-9.81,0.5,0.1
0.39000000000000024,4.255862449999999,-3.8258999999999856,-3.8258999999999856,-9.81,-9.81,0.5,0.1
0.39500000000000024,4.236634849999999,-3.874949999999985,-3.874949999999985,-9.81,-9.81,0.5,0.1
0.40000000000000024,4.217161999999999,-3.9239999999999844,-3.9239999999999844,-9.81,-9.81,0.5,0.1
0.40500000000000025,4.197443899999999,-3.9730499999999838,-3.9730499999999838,-9.81,-9.81,0.5,0.1
0.41000000000000025,4.177480549999999,-4.022099999999983,-4.022099999999983,-9.81,-9.81,0.5,0.1
0.41500000000000026,4.157271949999999,-4.0711499999999825,-4.0711499999999825,-9.81,-9.81,0.5,0.1
0.42000000000000026,4.136818099999999,-4.120199999999982,-4.120199999999982,-9.81,-9.81,0.5,0.1
0.42500000000000027,4.116119,-4.169249999999981,-4.169249999999981,-9.81,-9.81,0.5,0.1
0.43000000000000027,4.09517465,-4.218299999999981,-4.218299999999981,-9.81,-9.81,0.5,0.1
0.4350000000000003,4.07398505,-4.26734999999998,-4.26734999999998,-9.81,-9.81,0.5,0.1
0.4400000000000003,4.052550200000001,-4.316399999999979,-4.316399999999979,-9.81,-9.81,0.5,0.1
0.4450000000000003,4.0308701000000005,-4.365449999999979,-4.365449999999979,-9.81,-9.81,0.5,0.1
0.4500000000000003,4.008944750000001,-4.414499999999978,-4.414499999999978,-9.81,-9.81,0.5,0.1
0.4550000000000003,3.9867741500000013,-4.4635499999999775,-4.4635499999999775,-9.81,-9.81,0.5,0.1
0.4600000000000003,3.9643583000000016,-4.512599999999977,-4.512599999999977,-9.81,-9.81,0.5,0.1
0.4650000000000003,3.9416972000000015,-4.561649999999976,-4.561649999999976,-9.81,-9.81,0.5,0.1
0.4700000000000003,3.9187908500000015,-4.610699999999976,-4.610699999999976,-9.81,-9.81,0.5,0.1
0.4750000000000003,3.895639250000001,-4.659749999999975,-4.659749999999975,-9.81,-9.81,0.5,0.1
0.4800000000000003,3.872242400000001,-4.708799999999974,-4.708799999999974,-9.81,-9.81,0.5,0.1
0.4850000000000003,3.848600300000001,-4.757849999999974,-4.757849999999974,-9.81,-9.81,0.5,0.1
0.4900000000000003,3.824712950000001,-4.806899999999973,-4.806899999999973,-9.81,-9.81,0.5,0.1
0.49500000000000033,3.800580350000001,-4.8559499999999725,-4.8559499999999725,-9.81,-9.81,0.5,0.1
0.5000000000000003,3.776202500000001,-4.904999999999972,-4.904999999999972,-9.81,-9.81,0.5,0.1
0.5050000000000003,3.751579400000001,-4.954049999999971,-4.954049999999971,-9.81,-9.81,0.5,0.1
0.5100000000000003,3.7267110500000014,-5.003099999999971,-5.003099999999971,-9.81,-9.81,0.5,0.1
0.5150000000000003,3.7015974500000013,-5.05214999999997,-5.05214999999997,-9.81,-9.81,0.5,0.1
0.5200000000000004,3.6762386000000014,-5.101199999999969,-5.101199999999969,-9.81,-9.81,0.5,0.1
0.5250000000000004,3.6506345000000016,-5.150249999999969,-5.150249999999969,-9.81,-9.81,0.5,0.1
0.5300000000000004,3.624785150000002,-5.199299999999968,-5.199299999999968,-9.81,-9.81,0.5,0.1
0.5350000000000004,3.598690550000002,-5.248349999999967,-5.248349999999967,-9.81,-9.81,0.5,0.1
0.5400000000000004,3.572350700000002,-5.297399999999967,-5.297399999999967,-9.81,-9.81,0.5,0.1
0.5450000000000004,3.5457656000000024,-5.346449999999966,-5.346449999999966,-9.81,-9.81,0.5,0.1
0.5500000000000004,3.518935250000003,-5.3954999999999655,-5.3954999999999655,-9.81,-9.81,0.5,0.1
0.5550000000000004,3.491859650000003,-5.444549999999965,-5.444549999999965,-9.81,-9.81,0.5,0.1
0.5600000000000004,3.4645388000000032,-5.493599999999964,-5.493599999999964,-9.81,-9.81,0.5,0.1
0.5650000000000004,3.4369727000000037,-5.542649999999964,-5.542649999999964,-9.81,-9.81,0.5,0.1
0.5700000000000004,3.409161350000004,-5.591699999999963,-5.591699999999963,-9.81,-9.81,0.5,0.1
0.5750000000000004,3.3811047500000044,-5.640749999999962,-5.640749999999962,-9.81,-9.81,0.5,0.1
0.5800000000000004,3.352802900000005,-5.689799999999962,-5.689799999999962,-9.81,-9.81,0.5,0.1
0.5850000000000004,3.3242558000000053,-5.738849999999961,-5.738849999999961,-9.81,-9.81,0.5,0.1
0.5900000000000004,3.2954634500000055,-5.7878999999999605,-5.7878999999999605,-9.81,-9.81,0.5,0.1
0.5950000000000004,3.2664258500000054,-5.83694999999996,-5.83694999999996,-9.81,-9.81,0.5,0.1
0.6000000000000004,3.2371430000000054,-5.885999999999959,-5.885999999999959,-9.81,-9.81,0.5,0.1
0.6050000000000004,3.2076149000000056,-5.935049999999959,-5.935049999999959,-9.81,-9.81,0.5,0.1
0.6100000000000004,3.1778415500000055,-5.984099999999958,-5.984099999999958,-9.81,-9.81,0.5,0.1
0.6150000000000004,3.1478229500000054,-6.033149999999957,-6.033149999999957,-9.81,-9.81,0.5,0.1
0.6200000000000004,3.1175591000000056,-6.082199999999957,-6.082199999999957,-9.81,-9.81,0.5,0.1
0.6250000000000004,3.087050000000006,-6.131249999999956,-6.131249999999956,-9.81,-9.81,0.5,0.1
0.6300000000000004,3.056295650000006,-6.1802999999999555,-6.1802999999999555,-9.81,-9.81,0.5,0.1
0.6350000000000005,3.025296050000006,-6.229349999999955,-6.229349999999955,-9.81,-9.81,0.5,0.1
0.6400000000000005,2.994051200000006,-6.278399999999954,-6.278399999999954,-9.81,-9.81,0.5,0.1
0.6450000000000005,2.9625611000000065,-6.327449999999954,-6.327449999999954,-9.81,-9.81,0.5,0.1
0.6500000000000005,2.9308257500000066,-6.376499999999953,-6.376499999999953,-9.81,-9.81,0.5,0.1
0.6550000000000005,2.8988451500000068,-6.425549999999952,-6.425549999999952,-9.81,-9.81,0.5,0.1
0.6600000000000005,2.866619300000007,-6.474599999999952,-6.474599999999952,-9.81,-9.81,0.5,0.1
0.6650000000000005,2.8341482000000076,-6.523649999999951,-6.523649999999951,-9.81,-9.81,0.5,0.1
0.6700000000000005,2.8014318500000077,-6.5726999999999505,-6.5726999999999505,-9.81,-9.81,0.5,0.1
0.6750000000000005,2.768470250000008,-6.62174999999995,-6.62174999999995,-9.81,-9.81,0.5,0.1
0.6800000000000005,2.7352634000000084,-6.670799999999949,-6.670799999999949,-9.81,-9.81,0.5,0.1
0.6850000000000005,2.701811300000009,-6.719849999999949,-6.719849999999949,-9.81,-9.81,0.5,0.1
0.6900000000000005,2.6681139500000093,-6.768899999999948,-6.768899999999948,-9.81,-9.81,0.5,0.1
0.6950000000000005,2.6341713500000097,-6.817949999999947,-6.817949999999947,-9.81,-9.81,0.5,0.1
0.7000000000000005,2.59998350000001,-6.866999999999947,-6.866999999999947,-9.81,-9.81,0.5,0.1
0.7050000000000005,2.565550400000011,-6.916049999999946,-6.916049999999946,-9.81,-9.81,0.5,0.1
0.7100000000000005,2.5308720500000113,-6.9650999999999454,-6.9650999999999454,-9.81,-9.81,0.5,0.1
0.7150000000000005,2.4959484500000113,-7.014149999999945,-7.014149999999945,-9.81,-9.81,0.5,0.1
0.7200000000000005,2.4607796000000115,-7.063199999999944,-7.063199999999944,-9.81,-9.81,0.5,0.1
0.7250000000000005,2.4253655000000114,-7.112249999999944,-7.112249999999944,-9.81,-9.81,0.5,0.1
0.7300000000000005,2.3897061500000114,-7.161299999999943,-7.161299999999943,-9.81,-9.81,0.5,0.1
0.7350000000000005,2.3538015500000116,-7.210349999999942,-7.210349999999942,-9.81,-9.81,0.5,0.1
0.7400000000000005,2.317651700000012,-7.259399999999942,-7.259399999999942,-9.81,-9.81,0.5,0.1
0.7450000000000006,2.281256600000012,-7.308449999999941,-7.308449999999941,-9.81,-9.81,0.5,0.1
0.7500000000000006,2.244616250000012,-7.35749999999994,-7.35749999999994,-9.81,-9.81,0.5,0.1
0.7550000000000006,2.2077306500000122,-7.40654999999994,-7.40654999999994,-9.81,-9.81,0.5,0.1
0.7600000000000006,2.1705998000000126,-7.455599999999939,-7.455599999999939,-9.81,-9.81,0.5,0.1
0.7650000000000006,2.1332237000000127,-7.5046499999999385,-7.5046499999999385,-9.81,-9.81,0.5,0.1
0.7700000000000006,2.095602350000013,-7.553699999999938,-7.553699999999938,-9.81,-9.81,0.5,0.1
0.7750000000000006,2.0577357500000133,-7.602749999999937,-7.602749999999937,-9.81,-9.81,0.5,0.1
0.7800000000000006,2.019623900000014,-7.651799999999937,-7.651799999999937,-9.81,-9.81,0.5,0.1
0.7850000000000006,1.981266800000014,-7.700849999999936,-7.700849999999936,-9.81,-9.81,0.5,0.1
0.7900000000000006,1.9426644500000143,-7.749899999999935,-7.749899999999935,-9.81,-9.81,0.5,0.1
0.7950000000000006,1.9038168500000148,-7.798949999999935,-7.798949999999935,-9.81,-9.81,0.5,0.1
0.8000000000000006,1.8647240000000151,-7.847999999999934,-7.847999999999934,-9.81,-9.81,0.5,0.1
0.8050000000000006,1.8253859000000157,-7.8970499999999335,-7.8970499999999335,-9.81,-9.81,0.5,0.1
0.8100000000000006,1.785802550000016,-7.946099999999933,-7.946099999999933,-9.81,-9.81,0.5,0.1
0.8150000000000006,1.7459739500000167,-7.995149999999932,-7.995149999999932,-9.81,-9.81,0.5,0.1
0.8200000000000006,1.7059001000000171,-8.044199999999933,-8.044199999999933,-9.81,-9.81,0.5,0.1
0.8250000000000006,1.6655810000000177,-8.093249999999932,-8.093249999999932,-9.81,-9.81,0.5,0.1
0.8300000000000006,1.6250166500000183,-8.142299999999931,-8.142299999999931,-9.81,-9.81,0.5,0.1
0.8350000000000006,1.584207050000019,-8.19134999999993,-8.19134999999993,-9.81,-9.81,0.5,0.1
0.8400000000000006,1.543152200000019,-8.24039999999993,-8.24039999999993,-9.81,-9.81,0.5,0.1
0.8450000000000006,1.5018521000000191,-8.28944999999993,-8.28944999999993,-9.81,-9.81,0.5,0.1
0.8500000000000006,1.4603067500000193,-8.338499999999929,-8.338499999999929,-9.81,-9.81,0.5,0.1
0.8550000000000006,1.4185161500000194,-8.387549999999928,-8.387549999999928,-9.81,-9.81,0.5,0.1
0.8600000000000007,1.3764803000000196,-8.436599999999927,-8.436599999999927,-9.81,-9.81,0.5,0.1
0.8650000000000007,1.3341992000000198,-8.485649999999927,-8.485649999999927,-9.81,-9.81,0.5,0.1
0.8700000000000007,1.29167285000002,-8.534699999999926,-8.534699999999926,-9.81,-9.81,0.5,0.1
0.8750000000000007,1.2489012500000203,-8.583749999999926,-8.583749999999926,-9.81,-9.81,0.5,0.1
0.8800000000000007,1.2058844000000206,-8.632799999999925,-8.632799999999925,-9.81,-9.81,0.5,0.1
0.8850000000000007,1.1626223000000209,-8.681849999999924,-8.681849999999924,-9.81,-9.81,0.5,0.1
0.8900000000000007,1.1191149500000213,-8.730899999999924,-8.730899999999924,-9.81,-9.81,0.5,0.1
0.8950000000000007,1.0753623500000216,-8.779949999999923,-8.779949999999923,-9.81,-9.81,0.5,0.1
0.9000000000000007,1.031364500000022,-8.828999999999922,-8.828999999999922,-9.81,-9.81,0.5,0.1
0.9050000000000007,0.9871214000000222,-8.878049999999922,-8.878049999999922,-9.81,-9.81,0.5,0.1
0.9100000000000007,0.9426330500000224,-8.927099999999921,-8.927099999999921,-9.81,-9.81,0.5,0.1
0.9150000000000007,0.8978994500000226,-8.97614999999992,-8.97614999999992,-9.81,-9.81,0.5,0.1
0.9200000000000007,0.8529206000000228,-9.02519999999992,-9.02519999999992,-9.81,-9.81,0.5,0.1
0.9250000000000007,0.807696500000023,-9.07424999999992,-9.07424999999992,-9.81,-9.81,0.5,0.1
0.9300000000000007,0.7622271500000233,-9.123299999999919,-9.123299999999919,-9.81,-9.81,0.5,0.1
0.9350000000000007,0.7165125500000236,-9.172349999999918,-9.172349999999918,-9.81,-9.81,0.5,0.1
0.9400000000000007,0.6705527000000239,-9.221399999999917,-9.221399999999917,-9.81,-9.81,0.5,0.1
0.9450000000000007,0.6243476000000242,-9.270449999999917,-9.270449999999917,-9.81,-9.81,0.5,0.1
0.9500000000000007,0.5778972500000246,-9.319499999999916,-9.319499999999916,-9.81,-9.81,0.5,0.1
0.9550000000000007,0.531201650000025,-9.368549999999916,-9.368549999999916,-9.81,-9.81,0.5,0.1
0.9600000000000007,0.48426080000002536,-9.417599999999915,-9.417599999999915,-9.81,-9.81,0.5,0.1
0.9650000000000007,0.4370747000000258,-9.466649999999914,-9.466649999999914,-9.81,-9.81,0.5,0.1
0.9700000000000008,0.38964335000002626,-9.515699999999914,-9.515699999999914,-9.81,-9.81,0.5,0.1
0.9750000000000008,0.34196675000002674,-9.564749999999913,-9.564749999999913,-9.81,-9.81,0.5,0.1
0.9800000000000008,0.29404490000002725,-9.613799999999912,-9.613799999999912,-9.81,-9.81,0.5,0.1
0.9850000000000008,0.24587780000002776,-9.662849999999912,-9.662849999999912,-9.81,-9.81,0.5,0.1
0.9900000000000008,0.1974654500000282,-9.711899999999911,-9.711899999999911,-9.81,-9.81,0.5,0.1
0.9950000000000008,0.14880785000002864,-9.76094999999991,-9.76094999999991,-9.81,-9.81,0.5,0.1
1.0000000000000007,0.09990500000002911,-9.80999999999991,-9.80999999999991,-9.81,-9.81,0.5,0.1
1.0050000000000006,0.05075690000002954,-9.85904999999991,-9.85904999999991,-9.81,-9.81,0.5,0.1
1.0100000000000005,0.0013635500000299915,-9.908099999999909,-9.908099999999909,-9.81,-9.81,0.5,0.1
1.0150000000000003,0.01977695999999982,4.919714999999955,4.919714999999955,-9.81,-9.81,0.5,0.1
1.0200000000000002,0.04427743499999959,4.870664999999955,4.870664999999955,-9.81,-9.81,0.5,0.1
1.0250000000000001,0.06853265999999937,4.821614999999956,4.821614999999956,-9.81,-9.81,0.5,0.1
1.03,0.09254263499999918,4.772564999999957,4.772564999999957,-9.81,-9.81,0.5,0.1
1.035,0.11630735999999894,4.723514999999957,4.723514999999957,-9.81,-9.81,0.5,0.1
1.0399999999999998,0.13982683499999873,4.674464999999958,4.674464999999958,-9.81,-9.81,0.5,0.1
1.0449999999999997,0.16310105999999855,4.6254149999999585,4.6254149999999585,-9.81,-9.81,0.5,0.1
1.0499999999999996,0.1861300349999984,4.576364999999959,4.576364999999959,-9.81,-9.81,0.5,0.1
1.0549999999999995,0.20891375999999817,4.52731499999996,4.52731499999996,-9.81,-9.81,0.5,0.1
1.0599999999999994,0.23145223499999792,4.47826499999996,4.47826499999996,-9.81,-9.81,0.5,0.1
1.0649999999999993,0.2537454599999977,4.429214999999961,4.429214999999961,-9.81,-9.81,0.5,0.1
1.0699999999999992,0.27579343499999753,4.380164999999962,4.380164999999962,-9.81,-9.81,0.5,0.1
1.074999999999999,0.2975961599999972,4.331114999999962,4.331114999999962,-9.81,-9.81,0.5,0.1
1.079999999999999,0.31915363499999694,4.282064999999963,4.282064999999963,-9.81,-9.81,0.5,0.1
1.0849999999999989,0.3404658599999967,4.233014999999964,4.233014999999964,-9.81,-9.81,0.5,0.1
1.0899999999999987,0.36153283499999644,4.183964999999964,4.183964999999964,-9.81,-9.81,0.5,0.1
1.0949999999999986,0.38235455999999624,4.134914999999965,4.134914999999965,-9.81,-9.81,0.5,0.1
1.0999999999999985,0.40293103499999605,4.085864999999965,4.085864999999965,-9.81,-9.81,0.5,0.1
1.1049999999999984,0.4232622599999959,4.036814999999966,4.036814999999966,-9.81,-9.81,0.5,0.1
1.1099999999999983,0.44334823499999576,3.9877649999999667,3.9877649999999667,-9.81,-9.81,0.5,0.1
1.1149999999999982,0.46318895999999565,3.9387149999999673,3.9387149999999673,-9.81,-9.81,0.5,0.1
1.119999999999998,0.48278443499999557,3.889664999999968,3.889664999999968,-9.81,-9.81,0.5,0.1
1.124999999999998,0.5021346599999955,3.8406149999999686,3.8406149999999686,-9.81,-9.81,0.5,0.1
1.129999999999998,0.5212396349999955,3.791564999999969,3.791564999999969,-9.81,-9.81,0.5,0.1
1.1349999999999978,0.5400993599999955,3.74251499999997,3.74251499999997,-9.81,-9.81,0.5,0.1
1.1399999999999977,0.5587138349999955,3.6934649999999705,3.6934649999999705,-9.81,-9.81,0.5,0.1
1.1449999999999976,0.5770830599999955,3.644414999999971,3.644414999999971,-9.81,-9.81,0.5,0.1
1.1499999999999975,0.5952070349999956,3.5953649999999717,3.5953649999999717,-9.81,-9.81,0.5,0.1
1.1549999999999974,0.6130857599999957,3.5463149999999724,3.5463149999999724,-9.81,-9.81,0.5,0.1
1.1599999999999973,0.6307192349999958,3.497264999999973,3.497264999999973,-9.81,-9.81,0.5,0.1
1.1649999999999971,0.6481074599999956,3.4482149999999736,3.4482149999999736,-9.81,-9.81,0.5,0.1
1.169999999999997,0.6652504349999953,3.3991649999999742,3.3991649999999742,-9.81,-9.81,0.5,0.1
1.174999999999997,0.6821481599999949,3.350114999999975,3.350114999999975,-9.81,-9.81,0.5,0.1
1.1799999999999968,0.6988006349999946,3.3010649999999755,3.3010649999999755,-9.81,-9.81,0.5,0.1
1.1849999999999967,0.7152078599999943,3.252014999999976,3.252014999999976,-9.81,-9.81,0.5,0.1
1.1899999999999966,0.731369834999994,3.2029649999999767,3.2029649999999767,-9.81,-9.81,0.5,0.1
1.1949999999999965,0.7472865599999937,3.1539149999999774,3.1539149999999774,-9.81,-9.81,0.5,0.1
1.1999999999999964,0.7629580349999935,3.104864999999978,3.104864999999978,-9.81,-9.81,0.5,0.1
1.2049999999999963,0.7783842599999933,3.0558149999999786,3.0558149999999786,-9.81,-9.81,0.5,0.1
1.2099999999999962,0.7935652349999931,3.0067649999999793,3.0067649999999793,-9.81,-9.81,0.5,0.1
1.214999999999996,0.8085009599999929,2.95771499999998,2.95771499999998,-9.81,-9.81,0.5,0.1
1.219999999999996,0.8231914349999928,2.9086649999999805,2.9086649999999805,-9.81,-9.81,0.5,0.1
1.2249999999999959,0.8376366599999927,2.859614999999981,2.859614999999981,-9.81,-9.81,0.5,0.1
1.2299999999999958,0.8518366349999926,2.8105649999999818,2.8105649999999818,-9.81,-9.81,0.5,0.1
1.2349999999999957,0.8657913599999926,2.7615149999999824,2.7615149999999824,-9.81,-9.81,0.5,0.1
1.2399999999999956,0.8795008349999925,2.712464999999983,2.712464999999983,-9.81,-9.81,0.5,0.1
1.2449999999999954,0.8929650599999925,2.6634149999999837,2.6634149999999837,-9.81,-9.81,0.5,0.1
1.2499999999999953,0.9061840349999926,2.6143649999999843,2.6143649999999843,-9.81,-9.81,0.5,0.1
1.2549999999999952,0.9191577599999926,2.565314999999985,2.565314999999985,-9.81,-9.81,0.5,0.1
1.2599999999999951,0.9318862349999927,2.5162649999999855,2.5162649999999855,-9.81,-9.81,0.5,0.1
1.264999999999995,0.9443694599999928,2.467214999999986,2.467214999999986,-9.81,-9.81,0.5,0.1
1.269999999999995,0.9566074349999929,2.418164999999987,2.418164999999987,-9.81,-9.81,0.5,0.1
1.2749999999999948,0.968600159999993,2.3691149999999874,2.3691149999999874,-9.81,-9.81,0.5,0.1
1.2799999999999947,0.9803476349999932,2.320064999999988,2.320064999999988,-9.81,-9.81,0.5,0.1
1.2849999999999946,0.9918498599999934,2.2710149999999887,2.2710149999999887,-9.81,-9.81,0.5,0.1
1.2899999999999945,1.0031068349999934,2.2219649999999893,2.2219649999999893,-9.81,-9.81,0.5,0.1
1.2949999999999944,1.0141185599999933,2.17291499999999,2.17291499999999,-9.81,-9.81,0.5,0.1
1.2999999999999943,1.0248850349999934,2.1238649999999906,2.1238649999999906,-9.81,-9.81,0.5,0.1
1.3049999999999942,1.0354062599999934,2.074814999999991,2.074814999999991,-9.81,-9.81,0.5,0.1
1.309999999999994,1.0456822349999935,2.025764999999992,2.025764999999992,-9.81,-9.81,0.5,0.1
1.314999999999994,1.0557129599999935,1.9767149999999918,1.9767149999999918,-9.81,-9.81,0.5,0.1
1.3199999999999938,1.0654984349999936,1.9276649999999913,1.9276649999999913,-9.81,-9.81,0.5,0.1
1.3249999999999937,1.0750386599999937,1.8786149999999908,1.8786149999999908,-9.81,-9.81,0.5,0.1
1.3299999999999936,1.084333634999994,1.8295649999999903,1.8295649999999903,-9.81,-9.81,0.5,0.1
1.3349999999999935,1.093383359999994,1.7805149999999899,1.7805149999999899,-9.81,-9.81,0.5,0.1
1.3399999999999934,1.1021878349999943,1.7314649999999894,1.7314649999999894,-9.81,-9.81,0.5,0.1
1.3449999999999933,1.1107470599999942,1.682414999999989,1.682414999999989,-9.81,-9.81,0.5,0.1
1.3499999999999932,1.1190610349999939,1.6333649999999884,1.6333649999999884,-9.81,-9.81,0.5,0.1
1.354999999999993,1.1271297599999937,1.584314999999988,1.584314999999988,-9.81,-9.81,0.5,0.1
1.359999999999993,1.1349532349999933,1.5352649999999874,1.5352649999999874,-9.81,-9.81,0.5,0.1
1.3649999999999929,1.1425314599999932,1.486214999999987,1.486214999999987,-9.81,-9.81,0.5,0.1
1.3699999999999928,1.149864434999993,1.4371649999999865,1.4371649999999865,-9.81,-9.81,0.5,0.1
1.3749999999999927,1.1569521599999928,1.388114999999986,1.388114999999986,-9.81,-9.81,0.5,0.1
1.3799999999999926,1.1637946349999926,1.3390649999999855,1.3390649999999855,-9.81,-9.81,0.5,0.1
1.3849999999999925,1.1703918599999925,1.290014999999985,1.290014999999985,-9.81,-9.81,0.5,0.1
1.3899999999999924,1.1767438349999924,1.2409649999999846,1.2409649999999846,-9.81,-9.81,0.5,0.1
1.3949999999999922,1.1828505599999923,1.191914999999984,1.191914999999984,-9.81,-9.81,0.5,0.1
1.3999999999999921,1.1887120349999922,1.1428649999999836,1.1428649999999836,-9.81,-9.81,0.5,0.1
1.404999999999992,1.1943282599999923,1.093814999999983,1.093814999999983,-9.81,-9.81,0.5,0.1
1.409999999999992,1.1996992349999922,1.0447649999999826,1.0447649999999826,-9.81,-9.81,0.5,0.1
1.4149999999999918,1.2048249599999923,0.9957149999999823,0.9957149999999823,-9.81,-9.81,0.5,0.1
1.4199999999999917,1.2097054349999923,0.9466649999999823,0.9466649999999823,-9.81,-9.81,0.5,0.1
1.4249999999999916,1.2143406599999924,0.8976149999999824,0.8976149999999824,-9.81,-9.81,0.5,0.1
1.4299999999999915,1.2187306349999925,0.8485649999999825,0.8485649999999825,-9.81,-9.81,0.5,0.1
1.4349999999999914,1.2228753599999926,0.7995149999999825,0.7995149999999825,-9.81,-9.81,0.5,0.1
1.4399999999999913,1.2267748349999927,0.7504649999999826,0.7504649999999826,-9.81,-9.81,0.5,0.1
1.4449999999999912,1.230429059999993,0.7014149999999827,0.7014149999999827,-9.81,-9.81,0.5,0.1
1.449999999999991,1.2338380349999927,0.6523649999999828,0.6523649999999828,-9.81,-9.81,0.5,0.1
1.454999999999991,1.2370017599999923,0.6033149999999828,0.6033149999999828,-9.81,-9.81,0.5,0.1
1.4599999999999909,1.239920234999992,0.5542649999999829,0.5542649999999829,-9.81,-9.81,0.5,0.1
1.4649999999999908,1.2425934599999917,0.505214999999983,0.505214999999983,-9.81,-9.81,0.5,0.1
1.4699999999999906,1.2450214349999915,0.45616499999998306,0.45616499999998306,-9.81,-9.81,0.5,0.1
1.4749999999999905,1.2472041599999912,0.40711499999998313,0.40711499999998313,-9.81,-9.81,0.5,0.1
1.4799999999999904,1.249141634999991,0.3580649999999832,0.3580649999999832,-9.81,-9.81,0.5,0.1
1.4849999999999903,1.2508338599999909,0.3090149999999833,0.3090149999999833,-9.81,-9.81,0.5,0.1
1.4899999999999902,1.2522808349999908,0.25996499999998335,0.25996499999998335,-9.81,-9.81,0.5,0.1
1.4949999999999901,1.2534825599999906,0.2109149999999833,0.2109149999999833,-9.81,-9.81,0.5,0.1
1.49999999999999,1.2544390349999905,0.16186499999998324,0.16186499999998324,-9.81,-9.81,0.5,0.1
1.50499999999999,1.2551502599999904,0.1128149999999832,0.1128149999999832,-9.81,-9.81,0.5,0.1
1.5099999999999898,1.2556162349999904,0.06376499999998321,0.06376499999998321,-9.81,-9.81,0.5,0.1
1.5149999999999897,1.2558369599999903,0.014714999999983212,0.014714999999983212,-9.81,-9.81,0.5,0.1
1.5199999999999896,1.2558124349999904,-0.03433500000001679,-0.03433500000001679,-9.81,-9.81,0.5,0.1
1.5249999999999895,1.2555426599999904,-0.08338500000001679,-0.08338500000001679,-9.81,-9.81,0.5,0.1
1.5299999999999894,1.2550276349999905,-0.1324350000000168,-0.1324350000000168,-9.81,-9.81,0.5,0.1
1.5349999999999893,1.2542673599999905,-0.18148500000001686,-0.18148500000001686,-9.81,-9.81,0.5,0.1
1.5399999999999892,1.2532618349999907,-0.23053500000001692,-0.23053500000001692,-9.81,-9.81,0.5,0.1
1.544999999999989,1.2520110599999907,-0.2795850000000169,-0.2795850000000169,-9.81,-9.81,0.5,0.1
1.549999999999989,1.250515034999991,-0.32863500000001683,-0.32863500000001683,-9.81,-9.81,0.5,0.1
1.5549999999999888,1.248773759999991,-0.37768500000001676,-0.37768500000001676,-9.81,-9.81,0.5,0.1
1.5599999999999887,1.2467872349999907,-0.4267350000000167,-0.4267350000000167,-9.81,-9.81,0.5,0.1
1.5649999999999886,1.2445554599999904,-0.4757850000000166,-0.4757850000000166,-9.81,-9.81,0.5,0.1
1.5699999999999885,1.24207843499999,-0.5248350000000166,-0.5248350000000166,-9.81,-9.81,0.5,0.1
1.5749999999999884,1.2393561599999898,-0.5738850000000165,-0.5738850000000165,-9.81,-9.81,0.5,0.1
1.5799999999999883,1.2363886349999895,-0.6229350000000164,-0.6229350000000164,-9.81,-9.81,0.5,0.1
1.5849999999999882,1.2331758599999894,-0.6719850000000164,-0.6719850000000164,-9.81,-9.81,0.5,0.1
1.589999999999988,1.229717834999989,-0.7210350000000163,-0.7210350000000163,-9.81,-9.81,0.5,0.1
1.594999999999988,1.226014559999989,-0.7700850000000162,-0.7700850000000162,-9.81,-9.81,0.5,0.1
1.5999999999999879,1.2220660349999888,-0.8191350000000162,-0.8191350000000162,-9.81,-9.81,0.5,0.1
1.6049999999999878,1.2178722599999887,-0.8681850000000161,-0.8681850000000161,-9.81,-9.81,0.5,0.1
1.6099999999999877,1.2134332349999886,-0.917235000000016,-0.917235000000016,-9.81,-9.81,0.5,0.1
1.6149999999999876,1.2087489599999885,-0.9662850000000159,-0.9662850000000159,-9.81,-9.81,0.5,0.1
1.6199999999999875,1.2038194349999884,-1.015335000000016,-1.015335000000016,-9.81,-9.81,0.5,0.1
1.6249999999999873,1.1986446599999885,-1.0643850000000166,-1.0643850000000166,-9.81,-9.81,0.5,0.1
1.6299999999999872,1.1932246349999884,-1.113435000000017,-1.113435000000017,-9.81,-9.81,0.5,0.1
1.6349999999999871,1.1875593599999885,-1.1624850000000175,-1.1624850000000175,-9.81,-9.81,0.5,0.1
1.639999999999987,1.1816488349999885,-1.211535000000018,-1.211535000000018,-9.81,-9.81,0.5,0.1
1.644999999999987,1.1754930599999887,-1.2605850000000185,-1.2605850000000185,-9.81,-9.81,0.5,0.1
1.6499999999999868,1.1690920349999887,-1.309635000000019,-1.309635000000019,-9.81,-9.81,0.5,0.1
1.6549999999999867,1.162445759999989,-1.3586850000000195,-1.3586850000000195,-9.81,-9.81,0.5,0.1
1.6599999999999866,1.155554234999989,-1.40773500000002,-1.40773500000002,-9.81,-9.81,0.5,0.1
1.6649999999999865,1.1484174599999888,-1.4567850000000204,-1.4567850000000204,-9.81,-9.81,0.5,0.1
1.6699999999999864,1.1410354349999885,-1.505835000000021,-1.505835000000021,-9.81,-9.81,0.5,0.1
1.6749999999999863,1.1334081599999881,-1.5548850000000214,-1.5548850000000214,-9.81,-9.81,0.5,0.1
1.6799999999999862,1.1255356349999879,-1.6039350000000219,-1.6039350000000219,-9.81,-9.81,0.5,0.1
1.684999999999986,1.1174178599999876,-1.6529850000000224,-1.6529850000000224,-9.81,-9.81,0.5,0.1
1.689999999999986,1.1090548349999874,-1.7020350000000228,-1.7020350000000228,-9.81,-9.81,0.5,0.1
1.6949999999999859,1.100446559999987,-1.7510850000000233,-1.7510850000000233,-9.81,-9.81,0.5,0.1
1.6999999999999857,1.091593034999987,-1.8001350000000238,-1.8001350000000238,-9.81,-9.81,0.5,0.1
1.7049999999999856,1.0824942599999867,-1.8491850000000243,-1.8491850000000243,-9.81,-9.81,0.5,0.1
1.7099999999999855,1.0731502349999866,-1.8982350000000248,-1.8982350000000248,-9.81,-9.81,0.5,0.1
1.7149999999999854,1.0635609599999865,-1.9472850000000252,-1.9472850000000252,-9.81,-9.81,0.5,0.1
1.7199999999999853,1.0537264349999864,-1.9963350000000257,-1.9963350000000257,-9.81,-9.81,0.5,0.1
1.7249999999999852,1.0436466599999863,-2.0453850000000253,-2.0453850000000253,-9.81,-9.81,0.5,0.1
1.729999999999985,1.0333216349999863,-2.0944350000000247,-2.0944350000000247,-9.81,-9.81,0.5,0.1
1.734999999999985,1.0227513599999862,-2.143485000000024,-2.143485000000024,-9.81,-9.81,0.5,0.1
1.739999999999985,1.0119358349999863,-2.1925350000000234,-2.1925350000000234,-9.81,-9.81,0.5,0.1
1.7449999999999848,1.0008750599999863,-2.241585000000023,-2.241585000000023,-9.81,-9.81,0.5,0.1
1.7499999999999847,0.989569034999986,-2.290635000000022,-2.290635000000022,-9.81,-9.81,0.5,0.1
1.7549999999999846,0.9780177599999859,-2.3396850000000216,-2.3396850000000216,-9.81,-9.81,0.5,0.1
1.7599999999999845,0.9662212349999857,-2.388735000000021,-2.388735000000021,-9.81,-9.81,0.5,0.1
1.7649999999999844,0.9541794599999855,-2.4377850000000203,-2.4377850000000203,-9.81,-9.81,0.5,0.1
1.7699999999999843,0.9418924349999854,-2.4868350000000197,-2.4868350000000197,-9.81,-9.81,0.5,0.1
1.7749999999999841,0.9293601599999853,-2.535885000000019,-2.535885000000019,-9.81,-9.81,0.5,0.1
1.779999999999984,0.9165826349999853,-2.5849350000000184,-2.5849350000000184,-9.81,-9.81,0.5,0.1
1.784999999999984,0.9035598599999852,-2.633985000000018,-2.633985000000018,-9.81,-9.81,0.5,0.1
1.7899999999999838,0.8902918349999852,-2.683035000000017,-2.683035000000017,-9.81,-9.81,0.5,0.1
1.7949999999999837,0.8767785599999852,-2.7320850000000165,-2.7320850000000165,-9.81,-9.81,0.5,0.1
1.7999999999999836,0.8630200349999853,-2.781135000000016,-2.781135000000016,-9.81,-9.81,0.5,0.1
1.8049999999999835,0.8490162599999853,-2.8301850000000153,-2.8301850000000153,-9.81,-9.81,0.5,0.1
1.8099999999999834,0.8347672349999854,-2.8792350000000146,-2.8792350000000146,-9.81,-9.81,0.5,0.1
1.8149999999999833,0.8202729599999855,-2.928285000000014,-2.928285000000014,-9.81,-9.81,0.5,0.1
1.8199999999999832,0.8055334349999856,-2.9773350000000134,-2.9773350000000134,-9.81,-9.81,0.5,0.1
1.824999999999983,0.7905486599999858,-3.0263850000000128,-3.0263850000000128,-9.81,-9.81,0.5,0.1
1.829999999999983,0.775318634999986,-3.075435000000012,-3.075435000000012,-9.81,-9.81,0.5,0.1
1.8349999999999829,0.7598433599999861,-3.1244850000000115,-3.1244850000000115,-9.81,-9.81,0.5,0.1
1.8399999999999828,0.7441228349999858,-3.173535000000011,-3.173535000000011,-9.81,-9.81,0.5,0.1
1.8449999999999827,0.7281570599999855,-3.2225850000000102,-3.2225850000000102,-9.81,-9.81,0.5,0.1
1.8499999999999825,0.7119460349999852,-3.2716350000000096,-3.2716350000000096,-9.81,-9.81,0.5,0.1
1.8549999999999824,0.695489759999985,-3.320685000000009,-3.320685000000009,-9.81,-9.81,0.5,0.1
1.8599999999999823,0.6787882349999848,-3.3697350000000084,-3.3697350000000084,-9.81,-9.81,0.5,0.1
1.8649999999999822,0.6618414599999846,-3.4187850000000077,-3.4187850000000077,-9.81,-9.81,0.5,0.1
1.8699999999999821,0.6446494349999844,-3.467835000000007,-3.467835000000007,-9.81,-9.81,0.5,0.1
1.874999999999982,0.6272121599999843,-3.5168850000000065,-3.5168850000000065,-9.81,-9.81,0.5,0.1
1.879999999999982,0.6095296349999841,-3.565935000000006,-3.565935000000006,-9.81,-9.81,0.5,0.1
1.8849999999999818,0.591601859999984,-3.614985000000005,-3.614985000000005,-9.81,-9.81,0.5,0.1
1.8899999999999817,0.573428834999984,-3.6640350000000046,-3.6640350000000046,-9.81,-9.81,0.5,0.1
1.8949999999999816,0.5550105599999839,-3.713085000000004,-3.713085000000004,-9.81,-9.81,0.5,0.1
1.8999999999999815,0.5363470349999839,-3.7621350000000033,-3.7621350000000033,-9.81,-9.81,0.5,0.1
1.9049999999999814,0.5174382599999839,-3.8111850000000027,-3.8111850000000027,-9.81,-9.81,0.5,0.1
1.9099999999999813,0.498284234999984,-3.860235000000002,-3.860235000000002,-9.81,-9.81,0.5,0.1
1.9149999999999812,0.47888495999998404,-3.9092850000000015,-3.9092850000000015,-9.81,-9.81,0.5,0.1
1.919999999999981,0.4592404349999841,-3.958335000000001,-3.958335000000001,-9.81,-9.81,0.5,0.1
1.924999999999981,0.43935065999998424,-4.007385,-4.007385,-9.81,-9.81,0.5,0.1
1.9299999999999808,0.41921563499998427,-4.056435,-4.056435,-9.81,-9.81,0.5,0.1
1.9349999999999807,0.39883535999998415,-4.105484999999999,-4.105484999999999,-9.81,-9.81,0.5,0.1
1.9399999999999806,0.37820983499998406,-4.154534999999998,-4.154534999999998,-9.81,-9.81,0.5,0.1
1.9449999999999805,0.357339059999984,-4.203584999999998,-4.203584999999998,-9.81,-9.81,0.5,0.1
1.9499999999999804,0.33622303499998396,-4.252634999999997,-4.252634999999997,-9.81,-9.81,0.5,0.1
1.9549999999999803,0.31486175999998395,-4.301684999999996,-4.301684999999996,-9.81,-9.81,0.5,0.1
1.9599999999999802,0.29325523499998396,-4.350734999999996,-4.350734999999996,-9.81,-9.81,0.5,0.1
1.96499999999998,0.271403459999984,-4.399784999999995,-4.399784999999995,-9.81,-9.81,0.5,0.1
1.96999999999998,0.24930643499998406,-4.4488349999999945,-4.4488349999999945,-9.81,-9.81,0.5,0.1
1.9749999999999799,0.22696415999998415,-4.497884999999994,-4.497884999999994,-9.81,-9.81,0.5,0.1
1.9799999999999798,0.20437663499998412,-4.546934999999993,-4.546934999999993,-9.81,-9.81,0.5,0.1
1.9849999999999797,0.18154385999998413,-4.595984999999993,-4.595984999999993,-9.81,-9.81,0.5,0.1
1.9899999999999796,0.15846583499998415,-4.645034999999992,-4.645034999999992,-9.81,-9.81,0.5,0.1
1.9949999999999795,0.1351425599999842,-4.694084999999991,-4.694084999999991,-9.81,-9.81,0.5,0.1
1.9999999999999793,0.11157403499998425,-4.743134999999991,-4.743134999999991,-9.81,-9.81,0.5,0.1
2.0049999999999795,0.08776025999998428,-4.79218499999999,-4.79218499999999,-9.81,-9.81,0.5,0.1
2.0099999999999794,0.06370123499998434,-4.8412349999999895,-4.8412349999999895,-9.81,-9.81,0.5,0.1
2.0149999999999793,0.03939695999998439,-4.890284999999989,-4.890284999999989,-9.81,-9.81,0.5,0.1
2.019999999999979,0.014847434999984447,-4.939334999999988,-4.939334999999988,-9.81,-9.81,0.5,0.1
2.024999999999979,0.004958954999999988,2.464762499999994,2.464762499999994,-9.81,-9.81,0.5,0.1
2.029999999999979,0.017184667499999962,2.415712499999995,2.415712499999995,-9.81,-9.81,0.5,0.1
2.034999999999979,0.029165129999999942,2.3666624999999955,2.3666624999999955,-9.81,-9.81,0.5,0.1
2.0399999999999787,0.04090034249999992,2.317612499999996,2.317612499999996,-9.81,-9.81,0.5,0.1
2.0449999999999786,0.05239030499999991,2.2685624999999967,2.2685624999999967,-9.81,-9.81,0.5,0.1
2.0499999999999785,0.06363501749999989,2.2195124999999973,2.2195124999999973,-9.81,-9.81,0.5,0.1
2.0549999999999784,0.07463447999999986,2.170462499999998,2.170462499999998,-9.81,-9.81,0.5,0.1
2.0599999999999783,0.08538869249999986,2.1214124999999986,2.1214124999999986,-9.81,-9.81,0.5,0.1
2.064999999999978,0.09589765499999987,2.072362499999999,2.072362499999999,-9.81,-9.81,0.5,0.1
2.069999999999978,0.10616136749999985,2.0233125,2.0233125,-9.81,-9.81,0.5,0.1
2.074999999999978,0.11617982999999986,1.9742624999999998,1.9742624999999998,-9.81,-9.81,0.5,0.1
2.079999999999978,0.12595304249999986,1.9252124999999993,1.9252124999999993,-9.81,-9.81,0.5,0.1
2.0849999999999778,0.13548100499999985,1.8761624999999988,1.8761624999999988,-9.81,-9.81,0.5,0.1
2.0899999999999777,0.14476371749999986,1.8271124999999984,1.8271124999999984,-9.81,-9.81,0.5,0.1
2.0949999999999775,0.1538011799999999,1.7780624999999979,1.7780624999999979,-9.81,-9.81,0.5,0.1
2.0999999999999774,0.16259339249999988,1.7290124999999974,1.7290124999999974,-9.81,-9.81,0.5,0.1
2.1049999999999773,0.17114035499999983,1.679962499999997,1.679962499999997,-9.81,-9.81,0.5,0.1
2.1099999999999772,0.1794420674999998,1.6309124999999964,1.6309124999999964,-9.81,-9.81,0.5,0.1
2.114999999999977,0.1874985299999998,1.581862499999996,1.581862499999996,-9.81,-9.81,0.5,0.1
2.119999999999977,0.19530974249999983,1.5328124999999955,1.5328124999999955,-9.81,-9.81,0.5,0.1
2.124999999999977,0.2028757049999998,1.483762499999995,1.483762499999995,-9.81,-9.81,0.5,0.1
2.129999999999977,0.21019641749999973,1.4347124999999945,1.4347124999999945,-9.81,-9.81,0.5,0.1
2.1349999999999767,0.2172718799999997,1.385662499999994,1.385662499999994,-9.81,-9.81,0.5,0.1
2.1399999999999766,0.22410209249999968,1.3366124999999935,1.3366124999999935,-9.81,-9.81,0.5,0.1
2.1449999999999765,0.2306870549999997,1.287562499999993,1.287562499999993,-9.81,-9.81,0.5,0.1
2.1499999999999764,0.23702676749999965,1.2385124999999926,1.2385124999999926,-9.81,-9.81,0.5,0.1
2.1549999999999763,0.24312122999999958,1.189462499999992,1.189462499999992,-9.81,-9.81,0.5,0.1
2.159999999999976,0.24897044249999953,1.1404124999999916,1.1404124999999916,-9.81,-9.81,0.5,0.1
2.164999999999976,0.2545744049999994,1.0913624999999911,1.0913624999999911,-9.81,-9.81,0.5,0.1
2.169999999999976,0.25993311749999926,1.0423124999999906,1.0423124999999906,-9.81,-9.81,0.5,0.1
2.174999999999976,0.26504657999999914,0.9932624999999903,0.9932624999999903,-9.81,-9.81,0.5,0.1
2.1799999999999757,0.26991479249999906,0.9442124999999904,0.9442124999999904,-9.81,-9.81,0.5,0.1
2.1849999999999756,0.274537754999999,0.8951624999999904,0.8951624999999904,-9.81,-9.81,0.5,0.1
2.1899999999999755,0.27891546749999896,0.8461124999999905,0.8461124999999905,-9.81,-9.81,0.5,0.1
2.1949999999999754,0.28304792999999895,0.7970624999999906,0.7970624999999906,-9.81,-9.81,0.5,0.1
2.1999999999999753,0.28693514249999896,0.7480124999999906,0.7480124999999906,-9.81,-9.81,0.5,0.1
2.204999999999975,0.290577104999999,0.6989624999999907,0.6989624999999907,-9.81,-9.81,0.5,0.1
2.209999999999975,0.29397381749999907,0.6499124999999908,0.6499124999999908,-9.81,-9.81,0.5,0.1
2.214999999999975,0.29712527999999905,0.6008624999999909,0.6008624999999909,-9.81,-9.81,0.5,0.1
2.219999999999975,0.3000314924999989,0.5518124999999909,0.5518124999999909,-9.81,-9.81,0.5,0.1
2.2249999999999748,0.30269245499999875,0.502762499999991,0.502762499999991,-9.81,-9.81,0.5,0.1
2.2299999999999747,0.30510816749999864,0.4537124999999911,0.4537124999999911,-9.81,-9.81,0.5,0.1
2.2349999999999746,0.30727862999999855,0.40466249999999115,0.40466249999999115,-9.81,-9.81,0.5,0.1
2.2399999999999745,0.3092038424999985,0.3556124999999912,0.3556124999999912,-9.81,-9.81,0.5,0.1
2.2449999999999743,0.31088380499999846,0.3065624999999913,0.3065624999999913,-9.81,-9.81,0.5,0.1
2.2499999999999742,0.31231851749999845,0.2575124999999914,0.2575124999999914,-9.81,-9.81,0.5,0.1
2.254999999999974,0.31350797999999847,0.2084624999999913,0.2084624999999913,-9.81,-9.81,0.5,0.1
2.259999999999974,0.3144521924999985,0.15941249999999124,0.15941249999999124,-9.81,-9.81,0.5,0.1
2.264999999999974,0.3151511549999986,0.1103624999999912,0.1103624999999912,-9.81,-9.81,0.5,0.1
2.269999999999974,0.31560486749999855,0.06131249999999121,0.06131249999999121,-9.81,-9.81,0.5,0.1
2.2749999999999737,0.3158133299999984,0.01226249999999121,0.01226249999999121,-9.81,-9.81,0.5,0.1
2.2799999999999736,0.31577654249999826,-0.03678750000000879,-0.03678750000000879,-9.81,-9.81,0.5,0.1
2.2849999999999735,0.31549450499999815,-0.0858375000000088,-0.0858375000000088,-9.81,-9.81,0.5,0.1
2.2899999999999734,0.31496721749999806,-0.13488750000000882,-0.13488750000000882,-9.81,-9.81,0.5,0.1
2.2949999999999733,0.314194679999998,-0.18393750000000889,-0.18393750000000889,-9.81,-9.81,0.5,0.1
2.299999999999973,0.31317689249999797,-0.23298750000000895,-0.23298750000000895,-9.81,-9.81,0.5,0.1
2.304999999999973,0.31191385499999796,-0.28203750000000893,-0.28203750000000893,-9.81,-9.81,0.5,0.1
2.309999999999973,0.310405567499998,-0.33108750000000886,-0.33108750000000886,-9.81,-9.81,0.5,0.1
2.314999999999973,0.308652029999998,-0.3801375000000088,-0.3801375000000088,-9.81,-9.81,0.5,0.1
2.3199999999999728,0.3066532424999981,-0.4291875000000087,-0.4291875000000087,-9.81,-9.81,0.5,0.1
2.3249999999999726,0.3044092049999981,-0.47823750000000864,-0.47823750000000864,-9.81,-9.81,0.5,0.1
2.3299999999999725,0.3019199174999979,-0.5272875000000086,-0.5272875000000086,-9.81,-9.81,0.5,0.1
2.3349999999999724,0.2991853799999978,-0.5763375000000085,-0.5763375000000085,-9.81,-9.81,0.5,0.1
2.3399999999999723,0.29620559249999767,-0.6253875000000084,-0.6253875000000084,-9.81,-9.81,0.5,0.1
2.344999999999972,0.2929805549999976,-0.6744375000000083,-0.6744375000000083,-9.81,-9.81,0.5,0.1
2.349999999999972,0.28951026749999753,-0.7234875000000083,-0.7234875000000083,-9.81,-9.81,0.5,0.1
2.354999999999972,0.2857947299999975,-0.7725375000000082,-0.7725375000000082,-9.81,-9.81,0.5,0.1
2.359999999999972,0.2818339424999975,-0.8215875000000081,-0.8215875000000081,-9.81,-9.81,0.5,0.1
2.364999999999972,0.2776279049999975,-0.8706375000000081,-0.8706375000000081,-9.81,-9.81,0.5,0.1
2.3699999999999717,0.27317661749999755,-0.919687500000008,-0.919687500000008,-9.81,-9.81,0.5,0.1
2.3749999999999716,0.2684800799999976,-0.9687375000000079,-0.9687375000000079,-9.81,-9.81,0.5,0.1
2.3799999999999715,0.2635382924999976,-1.017787500000008,-1.017787500000008,-9.81,-9.81,0.5,0.1
2.3849999999999714,0.25835125499999745,-1.0668375000000085,-1.0668375000000085,-9.81,-9.81,0.5,0.1
2.3899999999999713,0.2529189674999973,-1.115887500000009,-1.115887500000009,-9.81,-9.81,0.5,0.1
2.394999999999971,0.2472414299999972,-1.1649375000000095,-1.1649375000000095,-9.81,-9.81,0.5,0.1
2.399999999999971,0.24131864249999713,-1.21398750000001,-1.21398750000001,-9.81,-9.81,0.5,0.1
2.404999999999971,0.23515060499999707,-1.2630375000000105,-1.2630375000000105,-9.81,-9.81,0.5,0.1
2.409999999999971,0.22873731749999704,-1.312087500000011,-1.312087500000011,-9.81,-9.81,0.5,0.1
2.4149999999999707,0.22207877999999703,-1.3611375000000114,-1.3611375000000114,-9.81,-9.81,0.5,0.1
2.4199999999999706,0.21517499249999694,-1.410187500000012,-1.410187500000012,-9.81,-9.81,0.5,0.1
2.4249999999999705,0.20802595499999685,-1.4592375000000124,-1.4592375000000124,-9.81,-9.81,0.5,0.1
2.4299999999999704,0.20063166749999678,-1.5082875000000129,-1.5082875000000129,-9.81,-9.81,0.5,0.1
2.4349999999999703,0.19299212999999674,-1.5573375000000134,-1.5573375000000134,-9.81,-9.81,0.5,0.1
2.43999999999997,0.18510734249999672,-1.6063875000000138,-1.6063875000000138,-9.81,-9.81,0.5,0.1
2.44499999999997,0.17697730499999662,-1.6554375000000143,-1.6554375000000143,-9.81,-9.81,0.5,0.1
2.44999999999997,0.1686020174999965,-1.7044875000000148,-1.7044875000000148,-9.81,-9.81,0.5,0.1
2.45499999999997,0.15998147999999643,-1.7535375000000153,-1.7535375000000153,-9.81,-9.81,0.5,0.1
2.4599999999999698,0.15111569249999637,-1.8025875000000158,-1.8025875000000158,-9.81,-9.81,0.5,0.1
2.4649999999999697,0.14200465499999634,-1.8516375000000163,-1.8516375000000163,-9.81,-9.81,0.5,0.1
2.4699999999999696,0.13264836749999623,-1.9006875000000167,-1.9006875000000167,-9.81,-9.81,0.5,0.1
2.4749999999999694,0.12304682999999611,-1.9497375000000172,-1.9497375000000172,-9.81,-9.81,0.5,0.1
2.4799999999999693,0.11320004249999602,-1.9987875000000177,-1.9987875000000177,-9.81,-9.81,0.5,0.1
2.4849999999999692,0.10310800499999595,-2.0478375000000173,-2.0478375000000173,-9.81,-9.81,0.5,0.1
2.489999999999969,0.09277071749999585,-2.0968875000000167,-2.0968875000000167,-9.81,-9.81,0.5,0.1
2.494999999999969,0.08218817999999577,-2.145937500000016,-2.145937500000016,-9.81,-9.81,0.5,0.1
2.499999999999969,0.0713603924999957,-2.1949875000000154,-2.1949875000000154,-9.81,-9.81,0.5,0.1
2.504999999999969,0.06028735499999562,-2.244037500000015,-2.244037500000015,-9.81,-9.81,0.5,0.1
2.5099999999999687,0.04896906749999554,-2.293087500000014,-2.293087500000014,-9.81,-9.81,0.5,0.1
2.5149999999999686,0.037405529999995475,-2.3421375000000135,-2.3421375000000135,-9.81,-9.81,0.5,0.1
2.5199999999999685,0.02559674249999541,-2.391187500000013,-2.391187500000013,-9.81,-9.81,0.5,0.1
2.5249999999999684,0.013542704999995346,-2.4402375000000123,-2.4402375000000123,-9.81,-9.81,0.5,0.1
2.5299999999999683,0.0012434174999952866,-2.4892875000000116,-2.4892875000000116,-9.81,-9.81,0.5,0.1
2.534999999999968,0.004939335000000023,1.2103087500000054,1.2103087500000054,-9.81,-9.81,0.5,0.1
2.539999999999968,0.010892778750000049,1.161258750000005,1.161258750000005,-9.81,-9.81,0.5,0.1
2.544999999999968,0.01660097250000007,1.1122087500000044,1.1122087500000044,-9.81,-9.81,0.5,0.1
2.549999999999968,0.02206391625000009,1.063158750000004,1.063158750000004,-9.81,-9.81,0.5,0.1
2.5549999999999677,0.02728161000000011,1.0141087500000034,1.0141087500000034,-9.81,-9.81,0.5,0.1
2.5599999999999676,0.03225405375000013,0.9650587500000034,0.9650587500000034,-9.81,-9.81,0.5,0.1
2.5649999999999675,0.03698124750000015,0.9160087500000035,0.9160087500000035,-9.81,-9.81,0.5,0.1
2.5699999999999674,0.04146319125000017,0.8669587500000036,0.8669587500000036,-9.81,-9.81,0.5,0.1
2.5749999999999673,0.04569988500000018,0.8179087500000036,0.8179087500000036,-9.81,-9.81,0.5,0.1
2.579999999999967,0.0496913287500002,0.7688587500000037,0.7688587500000037,-9.81,-9.81,0.5,0.1
2.584999999999967,0.05343752250000022,0.7198087500000038,0.7198087500000038,-9.81,-9.81,0.5,0.1
2.589999999999967,0.05693846625000024,0.6707587500000038,0.6707587500000038,-9.81,-9.81,0.5,0.1
2.594999999999967,0.06019416000000026,0.6217087500000039,0.6217087500000039,-9.81,-9.81,0.5,0.1
2.599999999999967,0.0632046037500003,0.572658750000004,0.572658750000004,-9.81,-9.81,0.5,0.1
2.6049999999999667,0.0659697975000003,0.5236087500000041,0.5236087500000041,-9.81,-9.81,0.5,0.1
2.6099999999999666,0.06848974125000032,0.47455875000000414,0.47455875000000414,-9.81,-9.81,0.5,0.1
2.6149999999999665,0.07076443500000036,0.4255087500000042,0.4255087500000042,-9.81,-9.81,0.5,0.1
2.6199999999999664,0.07279387875000036,0.3764587500000043,0.3764587500000043,-9.81,-9.81,0.5,0.1
2.6249999999999662,0.07457807250000038,0.32740875000000436,0.32740875000000436,-9.81,-9.81,0.5,0.1
2.629999999999966,0.07611701625000042,0.27835875000000443,0.27835875000000443,-9.81,-9.81,0.5,0.1
2.634999999999966,0.07741071000000042,0.22930875000000442,0.22930875000000442,-9.81,-9.81,0.5,0.1
2.639999999999966,0.07845915375000045,0.18025875000000435,0.18025875000000435,-9.81,-9.81,0.5,0.1
2.644999999999966,0.07926234750000048,0.1312087500000043,0.1312087500000043,-9.81,-9.81,0.5,0.1
2.6499999999999657,0.0798202912500005,0.08215875000000429,0.08215875000000429,-9.81,-9.81,0.5,0.1
2.6549999999999656,0.08013298500000053,0.033108750000004294,0.033108750000004294,-9.81,-9.81,0.5,0.1
2.6599999999999655,0.08020042875000054,-0.01594124999999571,-0.01594124999999571,-9.81,-9.81,0.5,0.1
2.6649999999999654,0.08002262250000056,-0.06499124999999571,-0.06499124999999571,-9.81,-9.81,0.5,0.1
2.6699999999999653,0.0795995662500006,-0.11404124999999571,-0.11404124999999571,-9.81,-9.81,0.5,0.1
2.674999999999965,0.0789312600000006,-0.16309124999999575,-0.16309124999999575,-9.81,-9.81,0.5,0.1
2.679999999999965,0.07801770375000062,-0.2121412499999958,-0.2121412499999958,-9.81,-9.81,0.5,0.1
2.684999999999965,0.07685889750000065,-0.2611912499999958,-0.2611912499999958,-9.81,-9.81,0.5,0.1
2.689999999999965,0.07545484125000065,-0.31024124999999575,-0.31024124999999575,-9.81,-9.81,0.5,0.1
2.6949999999999648,0.07380553500000069,-0.3592912499999957,-0.3592912499999957,-9.81,-9.81,0.5,0.1
2.6999999999999647,0.0719109787500007,-0.4083412499999956,-0.4083412499999956,-9.81,-9.81,0.5,0.1
2.7049999999999645,0.06977117250000071,-0.45739124999999553,-0.45739124999999553,-9.81,-9.81,0.5,0.1
2.7099999999999644,0.06738611625000075,-0.5064412499999955,-0.5064412499999955,-9.81,-9.81,0.5,0.1
2.7149999999999643,0.06475581000000076,-0.5554912499999954,-0.5554912499999954,-9.81,-9.81,0.5,0.1
2.7199999999999642,0.06188025375000078,-0.6045412499999954,-0.6045412499999954,-9.81,-9.81,0.5,0.1
2.724999999999964,0.058759447500000804,-0.6535912499999953,-0.6535912499999953,-9.81,-9.81,0.5,0.1
2.729999999999964,0.05539339125000083,-0.7026412499999952,-0.7026412499999952,-9.81,-9.81,0.5,0.1
2.734999999999964,0.05178208500000086,-0.7516912499999951,-0.7516912499999951,-9.81,-9.81,0.5,0.1
2.739999999999964,0.047925528750000876,-0.8007412499999951,-0.8007412499999951,-9.81,-9.81,0.5,0.1
2.7449999999999637,0.0438237225000009,-0.849791249999995,-0.849791249999995,-9.81,-9.81,0.5,0.1
2.7499999999999636,0.03947666625000092,-0.8988412499999949,-0.8988412499999949,-9.81,-9.81,0.5,0.1
2.7549999999999635,0.03488436000000095,-0.9478912499999949,-0.9478912499999949,-9.81,-9.81,0.5,0.1
2.7599999999999634,0.030046803750000968,-0.9969412499999948,-0.9969412499999948,-9.81,-9.81,0.5,0.1
2.7649999999999633,0.024963997500000994,-1.0459912499999953,-1.0459912499999953,-9.81,-9.81,0.5,0.1
2.769999999999963,0.019635941250001017,-1.0950412499999957,-1.0950412499999957,-9.81,-9.81,0.5,0.1
2.774999999999963,0.014062635000001038,-1.1440912499999962,-1.1440912499999962,-9.81,-9.81,0.5,0.1
2.779999999999963,0.008244078750001056,-1.1931412499999967,-1.1931412499999967,-9.81,-9.81,0.5,0.1
2.784999999999963,0.002180272500001072,-1.2421912499999972,-1.2421912499999972,-9.81,-9.81,0.5,0.1
2.7899999999999627,0.001863286874999996,0.6014756249999987,0.6014756249999987,-9.81,-9.81,0.5,0.1
2.7949999999999626,0.004772564999999991,0.5524256249999988,0.5524256249999988,-9.81,-9.81,0.5,0.1
2.7999999999999625,0.007436593124999984,0.5033756249999989,0.5033756249999989,-9.81,-9.81,0.5,0.1
2.8049999999999624,0.009855371249999979,0.45432562499999896,0.45432562499999896,-9.81,-9.81,0.5,0.1
2.8099999999999623,0.012028899374999973,0.40527562499999903,0.40527562499999903,-9.81,-9.81,0.5,0.1
2.814999999999962,0.013957177499999968,0.3562256249999991,0.3562256249999991,-9.81,-9.81,0.5,0.1
2.819999999999962,0.015640205624999966,0.3071756249999992,0.3071756249999992,-9.81,-9.81,0.5,0.1
2.824999999999962,0.017077983749999963,0.25812562499999925,0.25812562499999925,-9.81,-9.81,0.5,0.1
2.829999999999962,0.018270511874999958,0.20907562499999918,0.20907562499999918,-9.81,-9.81,0.5,0.1
2.8349999999999618,0.019217789999999953,0.16002562499999912,0.16002562499999912,-9.81,-9.81,0.5,0.1
2.8399999999999617,0.01991981812499995,0.11097562499999908,0.11097562499999908,-9.81,-9.81,0.5,0.1
2.8449999999999616,0.020376596249999945,0.06192562499999908,0.06192562499999908,-9.81,-9.81,0.5,0.1
2.8499999999999615,0.02058812437499994,0.012875624999999084,0.012875624999999084,-9.81,-9.81,0.5,0.1
2.8549999999999613,0.020554402499999937,-0.03617437500000092,-0.03617437500000092,-9.81,-9.81,0.5,0.1
2.8599999999999612,0.02027543062499993,-0.08522437500000092,-0.08522437500000092,-9.81,-9.81,0.5,0.1
2.864999999999961,0.019751208749999926,-0.13427437500000092,-0.13427437500000092,-9.81,-9.81,0.5,0.1
2.869999999999961,0.018981736874999922,-0.18332437500000098,-0.18332437500000098,-9.81,-9.81,0.5,0.1
2.874999999999961,0.017967014999999916,-0.23237437500000105,-0.23237437500000105,-9.81,-9.81,0.5,0.1
2.879999999999961,0.01670704312499991,-0.281424375000001,-0.281424375000001,-9.81,-9.81,0.5,0.1
2.8849999999999607,0.015201821249999905,-0.33047437500000093,-0.33047437500000093,-9.81,-9.81,0.5,0.1
2.8899999999999606,0.0134513493749999,-0.37952437500000086,-0.37952437500000086,-9.81,-9.81,0.5,0.1
2.8949999999999605,0.011455627499999897,-0.4285743750000008,-0.4285743750000008,-9.81,-9.81,0.5,0.1
2.8999999999999604,0.009214655624999893,-0.4776243750000007,-0.4776243750000007,-9.81,-9.81,0.5,0.1
2.9049999999999603,0.00672843374999989,-0.5266743750000007,-0.5266743750000007,-9.81,-9.81,0.5,0.1
2.90999999999996,0.003996961874999886,-0.5757243750000006,-0.5757243750000006,-9.81,-9.81,0.5,0.1
2.91499999999996,0.0010202399999998833,-0.6247743750000005,-0.6247743750000005,-9.81,-9.81,0.5,0.1
2.91999999999996,0.0009371615625000008,0.2927671875000003,0.2927671875000003,-9.81,-9.81,0.5,0.1
2.92499999999996,0.0023028975000000027,0.24371718750000035,0.24371718750000035,-9.81,-9.81,0.5,0.1
2.9299999999999597,0.003423383437500004,0.19466718750000028,0.19466718750000028,-9.81,-9.81,0.5,0.1
2.9349999999999596,0.004298619375000006,0.14561718750000022,0.14561718750000022,-9.81,-9.81,0.5,0.1
2.9399999999999595,0.004928605312500007,0.09656718750000019,0.09656718750000019,-9.81,-9.81,0.5,0.1
2.9449999999999594,0.005313341250000008,0.047517187500000196,0.047517187500000196,-9.81,-9.81,0.5,0.1
2.9499999999999593,0.005452827187500009,-0.0015328124999998034,-0.0015328124999998034,-9.81,-9.81,0.5,0.1
2.954999999999959,0.00534706312500001,-0.0505828124999998,-0.0505828124999998,-9.81,-9.81,0.5,0.1
2.959999999999959,0.004996049062500012,-0.0996328124999998,-0.0996328124999998,-9.81,-9.81,0.5,0.1
2.964999999999959,0.004399785000000013,-0.14868281249999984,-0.14868281249999984,-9.81,-9.81,0.5,0.1
2.969999999999959,0.0035582709375000126,-0.1977328124999999,-0.1977328124999999,-9.81,-9.81,0.5,0.1
2.974999999999959,0.002471506875000013,-0.24678281249999998,-0.24678281249999998,-9.81,-9.81,0.5,0.1
2.9799999999999587,0.0011394928125000132,-0.29583281249999993,-0.29583281249999993,-9.81,-9.81,0.5,0.1
2.9849999999999586,0.00016753640624999995,0.15772640624999992,0.15772640624999992,-9.81,-9.81,0.5,0.1
2.9899999999999585,0.0008580684374999995,0.10867640624999989,0.10867640624999989,-9.81,-9.81,0.5,0.1
2.9949999999999584,0.001303350468749999,0.05962640624999989,0.05962640624999989,-9.81,-9.81,0.5,0.1
2.9999999999999583,0.0015033824999999986,0.01057640624999989,0.01057640624999989,-9.81,-9.81,0.5,0.1
3.004999999999958,0.001458164531249998,-0.03847359375000011,-0.03847359375000011,-9.81,-9.81,0.5,0.1
3.009999999999958,0.0011676965624999973,-0.08752359375000011,-0.08752359375000011,-9.81,-9.81,0.5,0.1
3.014999999999958,0.0006319785937499967,-0.13657359375000014,-0.13657359375000014,-9.81,-9.81,0.5,0.1
3.019999999999958,2.2250738585072014e-308,0.0,0.0,0.0,0.0,0.5,0.1
3.0249999999999577,2.2250738585072014e-308,0.0,0.0,0.0,0.0,0.5,0.1
3.0299999999999576,2.2250738585072014e-308,0.0,0.0,0.0,0.0,0.5,0.1
3.0349999999999575,2.2250738585072014e-308,0.0,0.0,0.0,0.0,0.5,0.1
3.0399999999999574,2.2250738585072014e-308,0.0,0.0,0.0,0.0,0.5,0.1
3.0449999999999573,2.2250738585072014e-308,0.0,0.0,0.0,0.0,0.5,0.1
3.049999999999957,2.2250738585072014e-308,0.0,0.0,0.0,0.0,0.5,0.1
3.054999999999957,2.2250738585072014e-308,0.0,0.0,0.0,0.0,0.5,0.1
3.059999999999957,2.2250738585072014e-308,0.0,0.0,0.0,0.0,0.5,0.1
3.064999999999957,2.2250738585072014e-308,0.0,0.0,0.0,0.0,0.5,0.1
3.0699999999999568,2.2250738585072014e-308,0.0,0.0,0.0,0.0,0.5,0.1
3.0749999999999567,2.2250738585072014e-308,0.0,0.0,0.0,0.0,0.5,0.1
3.0799999999999566,2.2250738585072014e-308,0.0,0.0,0.0,0.0,0.5,0.1
3.0849999999999564,2.2250738585072014e-308,0.0,0.0,0.0,0.0,0.5,0.1
3.0899999999999563,2.2250738585072014e-308,0.0,0.0,0.0,0.0,0.5,0.1
3.0949999999999562,2.2250738585072014e-308,0.0,0.0,0.0,0.0,0.5,0.1
3.099999999999956,2.2250738585072014e-308,0.0,0.0,0.0,0.0,0.5,0.1
3.104999999999956,2.2250738585072014e-308,0.0,0.0,0.0,0.0,0.5,0.1
3.109999999999956,2.2250738585072014e-308,0.0,0.0,0.0,0.0,0.5,0.1
3.114999999999956,2.2250738585072014e-308,0.0,0.0,0.0,0.0,0.5,0.1
3.1199999999999557,2.2250738585072014e-308,0.0,0.0,0.0,0.0,0.5,0.1
3.1249999999999556,2.2250738585072014e-308,0.0,0.0,0.0,0.0,0.5,0.1
3.1299999999999555,2.2250738585072014e-308,0.0,0.0,0.0,0.0,0.5,0.1
3.1349999999999554,2.2250738585072014e-308,0.0,0.0,0.0,0.0,0.5,0.1
3.1399999999999553,2.2250738585072014e-308,0.0,0.0,0.0,0.0,0.5,0.1
3.144999999999955,2.2250738585072014e-308,0.0,0.0,0.0,0.0,0.5,0.1
3.149999999999955,2.2250738585072014e-308,0.0,0.0,0.0,0.0,0.5,0.1
3.154999999999955,2.2250738585072014e-308,0.0,0.0,0.0,0.0,0.5,0.1
3.159999999999955,2.2250738585072014e-308,0.0,0.0,0.0,0.0,0.5,0.1
3.1649999999999547,2.2250738585072014e-308,0.0,0.0,0.0,0.0,0.5,0.1
3.1699999999999546,2.2250738585072014e-308,0.0,0.0,0.0,0.0,0.5,0.1
3.1749999999999545,2.2250738585072014e-308,0.0,0.0,0.0,0.0,0.5,0.1
3.1799999999999544,2.2250738585072014e-308,0.0,0.0,0.0,0.0,0.5,0.1
3.1849999999999543,2.2250738585072014e-308,0.0,0.0,0.0,0.0,0.5,0.1
3.189999999999954,2.2250738585072014e-308,0.0,0.0,0.0,0.0,0.5,0.1
3.194999999999954,2.2250738585072014e-308,0.0,0.0,0.0,0.0,0.5,0.1
3.199999999999954,2.2250738585072014e-308,0.0,0.0,0.0,0.0,0.5,0.1
3.204999999999954,2.2250738585072014e-308,0.0,0.0,0.0,0.0,0.5,0.1
3.209999999999954,2.2250738585072014e-308,0.0,0.0,0.0,0.0,0.5,0.1
3.2149999999999537,2.2250738585072014e-308,0.0,0.0,0.0,0.0,0.5,0.1
3.2199999999999536,2.2250738585072014e-308,0.0,0.0,0.0,0.0,0.5,0.1
3.2249999999999535,2.2250738585072014e-308,0.0,0.0,0.0,0.0,0.5,0.1
3.2299999999999534,2.2250738585072014e-308,0.0,0.0,0.0,0.0,0.5,0.1
3.2349999999999532,2.2250738585072014e-308,0.0,0.0,0.0,0.0,0.5,0.1
3.239999999999953,2.2250738585072014e-308,0.0,0.0,0.0,0.0,0.5,0.1
3.244999999999953,2.2250738585072014e-308,0.0,0.0,0.0,0.0,0.5,0.1
3.249999999999953,2.2250738585072014e-308,0.0,0.0,0.0,0.0,0.5,0.1
3.254999999999953,2.2250738585072014e-308,0.0,0.0,0.0,0.0,0.5,0.1
3.2599999999999527,2.2250738585072014e-308,0.0,0.0,0.0,0.0,0.5,0.1
3.2649999999999526,2.2250738585072014e-308,0.0,0.0,0.0,0.0,0.5,0.1
3.2699999999999525,2.2250738585072014e-308,0.0,0.0,0.0,0.0,0.5,0.1
3.2749999999999524,2.2250738585072014e-308,0.0,0.0,0.0,0.0,0.5,0.1
3.2799999999999523,2.2250738585072014e-308,0.0,0.0,0.0,0.0,0.5,0.1
3.284999999999952,2.2250738585072014e-308,0.0,0.0,0.0,0.0,0.5,0.1
3.289999999999952,2.2250738585072014e-308,0.0,0.0,0.0,0.0,0.5,0.1
3.294999999999952,2.2250738585072014e-308,0.0,0.0,0.0,0.0,0.5,0.1
3.299999999999952,2.2250738585072014e-308,0.0,0.0,0.0,0.0,0.5,0.1
3.3049999999999518,2.2250738585072014e-308,0.0,0.0,0.0,0.0,0.5,0.1
3.3099999999999516,2.2250738585072014e-308,0.0,0.0,0.0,0.0,0.5,0.1
3.3149999999999515,2.2250738585072014e-308,0.0,0.0,0.0,0.0,0.5,0.1
3.3199999999999514,2.2250738585072014e-308,0.0,0.0,0.0,0.0,0.5,0.1
3.3249999999999513,2.2250738585072014e-308,0.0,0.0,0.0,0.0,0.5,0.1
3.329999999999951,2.2250738585072014e-308,0.0,0.0,0.0,0.0,0.5,0.1
3.334999999999951,2.2250738585072014e-308,0.0,0.0,0.0,0.0,0.5,0.1
3.339999999999951,2.2250738585072014e-308,0.0,0.0,0.0,0.0,0.5,0.1
3.344999999999951,2.2250738585072014e-308,0.0,0.0,0.0,0.0,0.5,0.1
3.349999999999951,2.2250738585072014e-308,0.0,0.0,0.0,0.0,0.5,0.1
3.3549999999999507,2.2250738585072014e-308,0.0,0.0,0.0,0.0,0.5,0.1
3.3599999999999506,2.2250738585072014e-308,0.0,0.0,0.0,0.0,0.5,0.1
3.3649999999999505,2.2250738585072014e-308,0.0,0.0,0.0,0.0,0.5,0.1
3.3699999999999504,2.2250738585072014e-308,0.0,0.0,0.0,0.0,0.5,0.1
3.3749999999999503,2.2250738585072014e-308,0.0,0.0,0.0,0.0,0.5,0.1
3.37999999999995,2.2250738585072014e-308,0.0,0.0,0.0,0.0,0.5,0.1
3.38499999999995,2.2250738585072014e-308,0.0,0.0,0.0,0.0,0.5,0.1
3.38999999999995,2.2250738585072014e-308,0.0,0.0,0.0,0.0,0.5,0.1
3.39499999999995,2.2250738585072014e-308,0.0,0.0,0.0,0.0,0.5,0.1
3.3999999999999497,2.2250738585072014e-308,0.0,0.0,0.0,0.0,0.5,0.1
3.4049999999999496,2.2250738585072014e-308,0.0,0.0,0.0,0.0,0.5,0.1
3.4099999999999495,2.2250738585072014e-308,0.0,0.0,0.0,0.0,0.5,0.1
3.4149999999999494,2.2250738585072014e-308,0.0,0.0,0.0,0.0,0.5,0.1
3.4199999999999493,2.2250738585072014e-308,0.0,0.0,0.0,0.0,0.5,0.1
3.424999999999949,2.2250738585072014e-308,0.0,0.0,0.0,0.0,0.5,0.1
3.429999999999949,2.2250738585072014e-308,0.0,0.0,0.0,0.0,0.5,0.1
3.434999999999949,2.2250738585072014e-308,0.0,0.0,0.0,0.0,0.5,0.1
3.439999999999949,2.2250738585072014e-308,0.0,0.0,0.0,0.0,0.5,0.1
3.4449999999999488,2.2250738585072014e-308,0.0,0.0,0.0,0.0,0.5,0.1
3.4499999999999487,2.2250738585072014e-308,0.0,0.0,0.0,0.0,0.5,0.1
3.4549999999999486,2.2250738585072014e-308,0.0,0.0,0.0,0.0,0.5,0.1
3.4599999999999485,2.2250738585072014e-308,0.0,0.0,0.0,0.0,0.5,0.1
3.4649999999999483,2.2250738585072014e-308,0.0,0.0,0.0,0.0,0.5,0.1
3.4699999999999482,2.2250738585072014e-308,0.0,0.0,0.0,0.0,0.5,0.1
3.474999999999948,2.2250738585072014e-308,0.0,0.0,0.0,0.0,0.5,0.1
3.479999999999948,2.2250738585072014e-308,0.0,0.0,0.0,0.0,0.5,0.1
3.484999999999948,2.2250738585072014e-308,0.0,0.0,0.0,0.0,0.5,0.1
3.489999999999948,2.2250738585072014e-308,0.0,0.0,0.0,0.0,0.5,0.1
3.4949999999999477,2.2250738585072014e-308,0.0,0.0,0.0,0.0,0.5,0.1
3.4999999999999476,2.2250738585072014e-308,0.0,0.0,0.0,0.0,0.5,0.1
3.5049999999999475,2.2250738585072014e-308,0.0,0.0,0.0,0.0,0.5,0.1
3.5099999999999474,2.2250738585072014e-308,0.0,0.0,0.0,0.0,0.5,0.1
3.5149999999999473,2.2250738585072014e-308,0.0,0.0,0.0,0.0,0.5,0.1
3.519999999999947,2.2250738585072014e-308,0.0,0.0,0.0,0.0,0.5,0.1
3.524999999999947,2.2250738585072014e-308,0.0,0.0,0.0,0.0,0.5,0.1
3.529999999999947,2.2250738585072014e-308,0.0,0.0,0.0,0.0,0.5,0.1
3.534999999999947,2.2250738585072014e-308,0.0,0.0,0.0,0.0,0.5,0.1
3.5399999999999467,2.2250738585072014e-308,0.0,0.0,0.0,0.0,0.5,0.1
3.5449999999999466,2.2250738585072014e-308,0.0,0.0,0.0,0.0,0.5,0.1
3.5499999999999465,2.2250738585072014e-308,0.0,0.0,0.0,0.0,0.5,0.1
3.5549999999999464,2.2250738585072014e-308,0.0,0.0,0.0,0.0,0.5,0.1
3.5599999999999463,2.2250738585072014e-308,0.0,0.0,0.0,0.0,0.5,0.1
3.564999999999946,2.2250738585072014e-308,0.0,0.0,0.0,0.0,0.5,0.1
3.569999999999946,2.2250738585072014e-308,0.0,0.0,0.0,0.0,0.5,0.1
3.574999999999946,2.2250738585072014e-308,0.0,0.0,0.0,0.0,0.5,0.1
3.579999999999946,2.2250738585072014e-308,0.0,0.0,0.0,0.0,0.5,0.1
3.584999999999946,2.2250738585072014e-308,0.0,0.0,0.0,0.0,0.5,0.1
3.5899999999999457,2.2250738585072014e-308,0.0,0.0,0.0,0.0,0.5,0.1
3.5949999999999456,2.2250738585072014e-308,0.0,0.0,0.0,0.0,0.5,0.1
3.5999999999999455,2.2250738585072014e-308,0.0,0.0,0.0,0.0,0.5,0.1
3.6049999999999454,2.2250738585072014e-308,0.0,0.0,0.0,0.0,0.5,0.1
3.6099999999999453,2.2250738585072014e-308,0.0,0.0,0.0,0.0,0.5,0.1
3.614999999999945,2.2250738585072014e-308,0.0,0.0,0.0,0.0,0.5,0.1
3.619999999999945,2.2250738585072014e-308,0.0,0.0,0.0,0.0,0.5,0.1
3.624999999999945,2.2250738585072014e-308,0.0,0.0,0.0,0.0,0.5,0.1
3.629999999999945,2.2250738585072014e-308,0.0,0.0,0.0,0.0,0.5,0.1
3.6349999999999447,2.2250738585072014e-308,0.0,0.0,0.0,0.0,0.5,0.1
3.6399999999999446,2.2250738585072014e-308,0.0,0.0,0.0,0.0,0.5,0.1
3.6449999999999445,2.2250738585072014e-308,0.0,0.0,0.0,0.0,0.5,0.1
3.6499999999999444,2.2250738585072014e-308,0.0,0.0,0.0,0.0,0.5,0.1
3.6549999999999443,2.2250738585072014e-308,0.0,0.0,0.0,0.0,0.5,0.1
3.659999999999944,2.2250738585072014e-308,0.0,0.0,0.0,0.0,0.5,0.1
3.664999999999944,2.2250738585072014e-308,0.0,0.0,0.0,0.0,0.5,0.1
3.669999999999944,2.2250738585072014e-308,0.0,0.0,0.0,0.0,0.5,0.1
3.674999999999944,2.2250738585072014e-308,0.0,0.0,0.0,0.0,0.5,0.1
3.6799999999999438,2.2250738585072014e-308,0.0,0.0,0.0,0.0,0.5,0.1
3.6849999999999437,2.2250738585072014e-308,0.0,0.0,0.0,0.0,0.5,0.1
3.6899999999999435,2.2250738585072014e-308,0.0,0.0,0.0,0.0,0.5,0.1
3.6949999999999434,2.2250738585072014e-308,0.0,0.0,0.0,0.0,0.5,0.1
3.6999999999999433,2.2250738585072014e-308,0.0,0.0,0.0,0.0,0.5,0.1
3.7049999999999432,2.2250738585072014e-308,0.0,0.0,0.0,0.0,0.5,0.1
3.709999999999943,2.2250738585072014e-308,0.0,0.0,0.0,0.0,0.5,0.1
3.714999999999943,2.2250738585072014e-308,0.0,0.0,0.0,0.0,0.5,0.1
3.719999999999943,2.2250738585072014e-308,0.0,0.0,0.0,0.0,0.5,0.1
3.724999999999943,2.2250738585072014e-308,0.0,0.0,0.0,0.0,0.5,0.1
3.7299999999999427,2.2250738585072014e-308,0.0,0.0,0.0,0.0,0.5,0.1
3.7349999999999426,2.2250738585072014e-308,0.0,0.0,0.0,0.0,0.5,0.1
3.7399999999999425,2.2250738585072014e-308,0.0,0.0,0.0,0.0,0.5,0.1
3.7449999999999424,2.2250738585072014e-308,0.0,0.0,0.0,0.0,0.5,0.1
3.7499999999999423,2.2250738585072014e-308,0.0,0.0,0.0,0.0,0.5,0.1
3.754999999999942,2.2250738585072014e-308,0.0,0.0,0.0,0.0,0.5,0.1
3.759999999999942,2.2250738585072014e-308,0.0,0.0,0.0,0.0,0.5,0.1
3.764999999999942,2.2250738585072014e-308,0.0,0.0,0.0,0.0,0.5,0.1
3.769999999999942,2.2250738585072014e-308,0.0,0.0,0.0,0.0,0.5,0.1
3.7749999999999417,2.2250738585072014e-308,0.0,0.0,0.0,0.0,0.5,0.1
3.7799999999999416,2.2250738585072014e-308,0.0,0.0,0.0,0.0,0.5,0.1
3.7849999999999415,2.2250738585072014e-308,0.0,0.0,0.0,0.0,0.5,0.1
3.7899999999999414,2.2250738585072014e-308,0.0,0.0,0.0,0.0,0.5,0.1
3.7949999999999413,2.2250738585072014e-308,0.0,0.0,0.0,0.0,0.5,0.1
3.799999999999941,2.2250738585072014e-308,0.0,0.0,0.0,0.0,0.5,0.1
3.804999999999941,2.2250738585072014e-308,0.0,0.0,0.0,0.0,0.5,0.1
3.809999999999941,2.2250738585072014e-308,0.0,0.0,0.0,0.0,0.5,0.1
3.814999999999941,2.2250738585072014e-308,0.0,0.0,0.0,0.0,0.5,0.1
3.8199999999999408,2.2250738585072014e-308,0.0,0.0,0.0,0.0,0.5,0.1
3.8249999999999407,2.2250738585072014e-308,0.0,0.0,0.0,0.0,0.5,0.1
3.8299999999999406,2.2250738585072014e-308,0.0,0.0,0.0,0.0,0.5,0.1
3.8349999999999405,2.2250738585072014e-308,0.0,0.0,0.0,0.0,0.5,0.1
3.8399999999999403,2.2250738585072014e-308,0.0,0.0,0.0,0.0,0.5,0.1
3.8449999999999402,2.2250738585072014e-308,0.0,0.0,0.0,0.0,0.5,0.1
3.84999999999994,2.2250738585072014e-308,0.0,0.0,0.0,0.0,0.5,0.1
3.85499999999994,2.2250738585072014e-308,0.0,0.0,0.0,0.0,0.5,0.1
3.85999999999994,2.2250738585072014e-308,0.0,0.0,0.0,0.0,0.5,0.1
3.86499999999994,2.2250738585072014e-308,0.0,0.0,0.0,0.0,0.5,0.1
3.8699999999999397,2.2250738585072014e-308,0.0,0.0,0.0,0.0,0.5,0.1
3.8749999999999396,2.2250738585072014e-308,0.0,0.0,0.0,0.0,0.5,0.1
3.8799999999999395,2.2250738585072014e-308,0.0,0.0,0.0,0.0,0.5,0.1
3.8849999999999394,2.2250738585072014e-308,0.0,0.0,0.0,0.0,0.5,0.1
3.8899999999999393,2.2250738585072014e-308,0.0,0.0,0.0,0.0,0.5,0.1
3.894999999999939,2.2250738585072014e-308,0.0,0.0,0.0,0.0,0.5,0.1
3.899999999999939,2.2250738585072014e-308,0.0,0.0,0.0,0.0,0.5,0.1
3.904999999999939,2.2250738585072014e-308,0.0,0.0,0.0,0.0,0.5,0.1
3.909999999999939,2.2250738585072014e-308,0.0,0.0,0.0,0.0,0.5,0.1
3.9149999999999388,2.2250738585072014e-308,0.0,0.0,0.0,0.0,0.5,0.1
3.9199999999999386,2.2250738585072014e-308,0.0,0.0,0.0,0.0,0.5,0.1
3.9249999999999385,2.2250738585072014e-308,0.0,0.0,0.0,0.0,0.5,0.1
3.9299999999999384,2.2250738585072014e-308,0.0,0.0,0.0,0.0,0.5,0.1
3.9349999999999383,2.2250738585072014e-308,0.0,0.0,0.0,0.0,0.5,0.1
3.939999999999938,2.2250738585072014e-308,0.0,0.0,0.0,0.0,0.5,0.1
3.944999999999938,2.2250738585072014e-308,0.0,0.0,0.0,0.0,0.5,0.1
3.949999999999938,2.2250738585072014e-308,0.0,0.0,0.0,0.0,0.5,0.1
3.954999999999938,2.2250738585072014e-308,0.0,0.0,0.0,0.0,0.5,0.1
3.959999999999938,2.2250738585072014e-308,0.0,0.0,0.0,0.0,0.5,0.1
3.9649999999999377,2.2250738585072014e-308,0.0,0.0,0.0,0.0,0.5,0.1
3.9699999999999376,2.2250738585072014e-308,0.0,0.0,0.0,0.0,0.5,0.1
3.9749999999999375,2.2250738585072014e-308,0.0,0.0,0.0,0.0,0.5,0.1
3.9799999999999374,2.2250738585072014e-308,0.0,0.0,0.0,0.0,0.5,0.1
3.9849999999999373,2.2250738585072014e-308,0.0,0.0,0.0,0.0,0.5,0.1
3.989999999999937,2.2250738585072014e-308,0.0,0.0,0.0,0.0,0.5,0.1
3.994999999999937,2.2250738585072014e-308,0.0,0.0,0.0,0.0,0.5,0.1
3.999999999999937,2.2250738585072014e-308,0.0,0.0,0.0,0.0,0.5,0.1
4.004999999999937,2.2250738585072014e-308,0.0,0.0,0.0,0.0,0.5,0.1
4.009999999999937,2.2250738585072014e-308,0.0,0.0,0.0,0.0,0.5,0.1
4.014999999999937,2.2250738585072014e-308,0.0,0.0,0.0,0.0,0.5,0.1
4.0199999999999365,2.2250738585072014e-308,0.0,0.0,0.0,0.0,0.5,0.1
4.024999999999936,2.2250738585072014e-308,0.0,0.0,0.0,0.0,0.5,0.1
4.029999999999936,2.2250738585072014e-308,0.0,0.0,0.0,0.0,0.5,0.1
4.034999999999936,2.2250738585072014e-308,0.0,0.0,0.0,0.0,0.5,0.1
4.039999999999936,2.2250738585072014e-308,0.0,0.0,0.0,0.0,0.5,0.1
4.044999999999936,2.2250738585072014e-308,0.0,0.0,0.0,0.0,0.5,0.1
4.049999999999936,2.2250738585072014e-308,0.0,0.0,0.0,0.0,0.5,0.1
4.054999999999936,2.2250738585072014e-308,0.0,0.0,0.0,0.0,0.5,0.1
4.059999999999936,2.2250738585072014e-308,0.0,0.0,0.0,0.0,0.5,0.1
4.0649999999999356,2.2250738585072014e-308,0.0,0.0,0.0,0.0,0.5,0.1
4.0699999999999354,2.2250738585072014e-308,0.0,0.0,0.0,0.0,0.5,0.1
4.074999999999935,2.2250738585072014e-308,0.0,0.0,0.0,0.0,0.5,0.1
4.079999999999935,2.2250738585072014e-308,0.0,0.0,0.0,0.0,0.5,0.1
4.084999999999935,2.2250738585072014e-308,0.0,0.0,0.0,0.0,0.5,0.1
4.089999999999935,2.2250738585072014e-308,0.0,0.0,0.0,0.0,0.5,0.1
4.094999999999935,2.2250738585072014e-308,0.0,0.0,0.0,0.0,0.5,0.1
4.099999999999935,2.2250738585072014e-308,0.0,0.0,0.0,0.0,0.5,0.1
4.104999999999935,2.2250738585072014e-308,0.0,0.0,0.0,0.0,0.5,0.1
4.109999999999935,2.2250738585072014e-308,0.0,0.0,0.0,0.0,0.5,0.1
4.1149999999999345,2.2250738585072014e-308,0.0,0.0,0.0,0.0,0.5,0.1
4.119999999999934,2.2250738585072014e-308,0.0,0.0,0.0,0.0,0.5,0.1
4.124999999999934,2.2250738585072014e-308,0.0,0.0,0.0,0.0,0.5,0.1
4.129999999999934,2.2250738585072014e-308,0.0,0.0,0.0,0.0,0.5,0.1
4.134999999999934,2.2250738585072014e-308,0.0,0.0,0.0,0.0,0.5,0.1
4.139999999999934,2.2250738585072014e-308,0.0,0.0,0.0,0.0,0.5,0.1
4.144999999999934,2.2250738585072014e-308,0.0,0.0,0.0,0.0,0.5,0.1
4.149999999999934,2.2250738585072014e-308,0.0,0.0,0.0,0.0,0.5,0.1
4.154999999999934,2.2250738585072014e-308,0.0,0.0,0.0,0.0,0.5,0.1
4.1599999999999335,2.2250738585072014e-308,0.0,0.0,0.0,0.0,0.5,0.1
4.164999999999933,2.2250738585072014e-308,0.0,0.0,0.0,0.0,0.5,0.1
4.169999999999933,2.2250738585072014e-308,0.0,0.0,0.0,0.0,0.5,0.1
4.174999999999933,2.2250738585072014e-308,0.0,0.0,0.0,0.0,0.5,0.1
4.179999999999933,2.2250738585072014e-308,0.0,0.0,0.0,0.0,0.5,0.1
4.184999999999933,2.2250738585072014e-308,0.0,0.0,0.0,0.0,0.5,0.1
4.189999999999933,2.2250738585072014e-308,0.0,0.0,0.0,0.0,0.5,0.1
4.194999999999933,2.2250738585072014e-308,0.0,0.0,0.0,0.0,0.5,0.1
4.199999999999933,2.2250738585072014e-308,0.0,0.0,0.0,0.0,0.5,0.1
4.204999999999933,2.2250738585072014e-308,0.0,0.0,0.0,0.0,0.5,0.1
4.2099999999999325,2.2250738585072014e-308,0.0,0.0,0.0,0.0,0.5,0.1
4.214999999999932,2.2250738585072014e-308,0.0,0.0,0.0,0.0,0.5,0.1
4.219999999999932,2.2250738585072014e-308,0.0,0.0,0.0,0.0,0.5,0.1
4.224999999999932,2.2250738585072014e-308,0.0,0.0,0.0,0.0,0.5,0.1
4.229999999999932,2.2250738585072014e-308,0.0,0.0,0.0,0.0,0.5,0.1
4.234999999999932,2.2250738585072014e-308,0.0,0.0,0.0,0.0,0.5,0.1
4.239999999999932,2.2250738585072014e-308,0.0,0.0,0.0,0.0,0.5,0.1
4.244999999999932,2.2250738585072014e-308,0.0,0.0,0.0,0.0,0.5,0.1
4.249999999999932,2.2250738585072014e-308,0.0,0.0,0.0,0.0,0.5,0.1
4.2549999999999315,2.2250738585072014e-308,0.0,0.0,0.0,0.0,0.5,0.1
4.259999999999931,2.2250738585072014e-308,0.0,0.0,0.0,0.0,0.5,0.1
4.264999999999931,2.2250738585072014e-308,0.0,0.0,0.0,0.0,0.5,0.1
4.269999999999931,2.2250738585072014e-308,0.0,0.0,0.0,0.0,0.5,0.1
4.274999999999931,2.2250738585072014e-308,0.0,0.0,0.0,0.0,0.5,0.1
4.279999999999931,2.2250738585072014e-308,0.0,0.0,0.0,0.0,0.5,0.1
4.284999999999931,2.2250738585072014e-308,0.0,0.0,0.0,0.0,0.5,0.1
4.289999999999931,2.2250738585072014e-308,0.0,0.0,0.0,0.0,0.5,0.1
4.294999999999931,2.2250738585072014e-308,0.0,0.0,0.0,0.0,0.5,0.1
4.2999999999999305,2.2250738585072014e-308,0.0,0.0,0.0,0.0,0.5,0.1
4.30499999999993,2.2250738585072014e-308,0.0,0.0,0.0,0.0,0.5,0.1
4.30999999999993,2.2250738585072014e-308,0.0,0.0,0.0,0.0,0.5,0.1
4.31499999999993,2.2250738585072014e-308,0.0,0.0,0.0,0.0,0.5,0.1
4.31999999999993,2.2250738585072014e-308,0.0,0.0,0.0,0.0,0.5,0.1
4.32499999999993,2.2250738585072014e-308,0.0,0.0,0.0,0.0,0.5,0.1
4.32999999999993,2.2250738585072014e-308,0.0,0.0,0.0,0.0,0.5,0.1
4.33499999999993,2.2250738585072014e-308,0.0,0.0,0.0,0.0,0.5,0.1
4.33999999999993,2.2250738585072014e-308,0.0,0.0,0.0,0.0,0.5,0.1
4.34499999999993,2.2250738585072014e-308,0.0,0.0,0.0,0.0,0.5,0.1
4.3499999999999295,2.2250738585072014e-308,0.0,0.0,0.0,0.0,0.5,0.1
4.354999999999929,2.2250738585072014e-308,0.0,0.0,0.0,0.0,0.5,0.1
4.359999999999929,2.2250738585072014e-308,0.0,0.0,0.0,0.0,0.5,0.1
4.364999999999929,2.2250738585072014e-308,0.0,0.0,0.0,0.0,0.5,0.1
4.369999999999929,2.2250738585072014e-308,0.0,0.0,0.0,0.0,0.5,0.1
4.374999999999929,2.2250738585072014e-308,0.0,0.0,0.0,0.0,0.5,0.1
4.379999999999929,2.2250738585072014e-308,0.0,0.0,0.0,0.0,0.5,0.1
4.384999999999929,2.2250738585072014e-308,0.0,0.0,0.0,0.0,0.5,0.1
4.389999999999929,2.2250738585072014e-308,0.0,0.0,0.0,0.0,0.5,0.1
4.3949999999999285,2.2250738585072014e-308,0.0,0.0,0.0,0.0,0.5,0.1
4.399999999999928,2.2250738585072014e-308,0.0,0.0,0.0,0.0,0.5,0.1
4.404999999999928,2.2250738585072014e-308,0.0,0.0,0.0,0.0,0.5,0.1
4.409999999999928,2.2250738585072014e-308,0.0,0.0,0.0,0.0,0.5,0.1
4.414999999999928,2.2250738585072014e-308,0.0,0.0,0.0,0.0,0.5,0.1
4.419999999999928,2.2250738585072014e-308,0.0,0.0,0.0,0.0,0.5,0.1
4.424999999999928,2.2250738585072014e-308,0.0,0.0,0.0,0.0,0.5,0.1
4.429999999999928,2.2250738585072014e-308,0.0,0.0,0.0,0.0,0.5,0.1
4.434999999999928,2.2250738585072014e-308,0.0,0.0,0.0,0.0,0.5,0.1
4.439999999999928,2.2250738585072014e-308,0.0,0.0,0.0,0.0,0.5,0.1
4.4449999999999275,2.2250738585072014e-308,0.0,0.0,0.0,0.0,0.5,0.1
4.449999999999927,2.2250738585072014e-308,0.0,0.0,0.0,0.0,0.5,0.1
4.454999999999927,2.2250738585072014e-308,0.0,0.0,0.0,0.0,0.5,0.1
4.459999999999927,2.2250738585072014e-308,0.0,0.0,0.0,0.0,0.5,0.1
4.464999999999927,2.2250738585072014e-308,0.0,0.0,0.0,0.0,0.5,0.1
4.469999999999927,2.2250738585072014e-308,0.0,0.0,0.0,0.0,0.5,0.1
4.474999999999927,2.2250738585072014e-308,0.0,0.0,0.0,0.0,0.5,0.1
4.479999999999927,2.2250738585072014e-308,0.0,0.0,0.0,0.0,0.5,0.1
4.484999999999927,2.2250738585072014e-308,0.0,0.0,0.0,0.0,0.5,0.1
4.4899999999999265,2.2250738585072014e-308,0.0,0.0,0.0,0.0,0.5,0.1
4.494999999999926,2.2250738585072014e-308,0.0,0.0,0.0,0.0,0.5,0.1
4.499999999999926,2.2250738585072014e-308,0.0,0.0,0.0,0.0,0.5,0.1
4.504999999999926,2.2250738585072014e-308,0.0,0.0,0.0,0.0,0.5,0.1
4.509999999999926,2.2250738585072014e-308,0.0,0.0,0.0,0.0,0.5,0.1
4.514999999999926,2.2250738585072014e-308,0.0,0.0,0.0,0.0,0.5,0.1
4.519999999999926,2.2250738585072014e-308,0.0,0.0,0.0,0.0,0.5,0.1
4.524999999999926,2.2250738585072014e-308,0.0,0.0,0.0,0.0,0.5,0.1
4.529999999999926,2.2250738585072014e-308,0.0,0.0,0.0,0.0,0.5,0.1
4.5349999999999255,2.2250738585072014e-308,0.0,0.0,0.0,0.0,0.5,0.1
4.539999999999925,2.2250738585072014e-308,0.0,0.0,0.0,0.0,0.5,0.1
4.544999999999925,2.2250738585072014e-308,0.0,0.0,0.0,0.0,0.5,0.1
4.549999999999925,2.2250738585072014e-308,0.0,0.0,0.0,0.0,0.5,0.1
4.554999999999925,2.2250738585072014e-308,0.0,0.0,0.0,0.0,0.5,0.1
4.559999999999925,2.2250738585072014e-308,0.0,0.0,0.0,0.0,0.5,0.1
4.564999999999925,2.2250738585072014e-308,0.0,0.0,0.0,0.0,0.5,0.1
4.569999999999925,2.2250738585072014e-308,0.0,0.0,0.0,0.0,0.5,0.1
4.574999999999925,2.2250738585072014e-308,0.0,0.0,0.0,0.0,0.5,0.1
4.579999999999925,2.2250738585072014e-308,0.0,0.0,0.0,0.0,0.5,0.1
4.5849999999999245,2.2250738585072014e-308,0.0,0.0,0.0,0.0,0.5,0.1
4.589999999999924,2.2250738585072014e-308,0.0,0.0,0.0,0.0,0.5,0.1
4.594999999999924,2.2250738585072014e-308,0.0,0.0,0.0,0.0,0.5,0.1
4.599999999999924,2.2250738585072014e-308,0.0,0.0,0.0,0.0,0.5,0.1
4.604999999999924,2.2250738585072014e-308,0.0,0.0,0.0,0.0,0.5,0.1
4.609999999999924,2.2250738585072014e-308,0.0,0.0,0.0,0.0,0.5,0.1
4.614999999999924,2.2250738585072014e-308,0.0,0.0,0.0,0.0,0.5,0.1
4.619999999999924,2.2250738585072014e-308,0.0,0.0,0.0,0.0,0.5,0.1
4.624999999999924,2.2250738585072014e-308,0.0,0.0,0.0,0.0,0.5,0.1
4.6299999999999235,2.2250738585072014e-308,0.0,0.0,0.0,0.0,0.5,0.1
4.634999999999923,2.2250738585072014e-308,0.0,0.0,0.0,0.0,0.5,0.1
4.639999999999923,2.2250738585072014e-308,0.0,0.0,0.0,0.0,0.5,0.1
4.644999999999923,2.2250738585072014e-308,0.0,0.0,0.0,0.0,0.5,0.1
4.649999999999923,2.2250738585072014e-308,0.0,0.0,0.0,0.0,0.5,0.1
4.654999999999923,2.2250738585072014e-308,0.0,0.0,0.0,0.0,0.5,0.1
4.659999999999923,2.2250738585072014e-308,0.0,0.0,0.0,0.0,0.5,0.1
4.664999999999923,2.2250738585072014e-308,0.0,0.0,0.0,0.0,0.5,0.1
4.669999999999923,2.2250738585072014e-308,0.0,0.0,0.0,0.0,0.5,0.1
4.6749999999999226,2.2250738585072014e-308,0.0,0.0,0.0,0.0,0.5,0.1
4.6799999999999224,2.2250738585072014e-308,0.0,0.0,0.0,0.0,0.5,0.1
4.684999999999922,2.2250738585072014e-308,0.0,0.0,0.0,0.0,0.5,0.1
4.689999999999922,2.2250738585072014e-308,0.0,0.0,0.0,0.0,0.5,0.1
4.694999999999922,2.2250738585072014e-308,0.0,0.0,0.0,0.0,0.5,0.1
4.699999999999922,2.2250738585072014e-308,0.0,0.0,0.0,0.0,0.5,0.1
4.704999999999922,2.2250738585072014e-308,0.0,0.0,0.0,0.0,0.5,0.1
4.709999999999922,2.2250738585072014e-308,0.0,0.0,0.0,0.0,0.5,0.1
4.714999999999922,2.2250738585072014e-308,0.0,0.0,0.0,0.0,0.5,0.1
4.719999999999922,2.2250738585072014e-308,0.0,0.0,0.0,0.0,0.5,0.1
4.7249999999999215,2.2250738585072014e-308,0.0,0.0,0.0,0.0,0.5,0.1
4.729999999999921,2.2250738585072014e-308,0.0,0.0,0.0,0.0,0.5,0.1
4.734999999999921,2.2250738585072014e-308,0.0,0.0,0.0,0.0,0.5,0.1
4.739999999999921,2.2250738585072014e-308,0.0,0.0,0.0,0.0,0.5,0.1
4.744999999999921,2.2250738585072014e-308,0.0,0.0,0.0,0.0,0.5,0.1
4.749999999999921,2.2250738585072014e-308,0.0,0.0,0.0,0.0,0.5,0.1
4.754999999999921,2.2250738585072014e-308,0.0,0.0,0.0,0.0,0.5,0.1
4.759999999999921,2.2250738585072014e-308,0.0,0.0,0.0,0.0,0.5,0.1
4.764999999999921,2.2250738585072014e-308,0.0,0.0,0.0,0.0,0.5,0.1
4.7699999999999205,2.2250738585072014e-308,0.0,0.0,0.0,0.0,0.5,0.1
4.77499999999992,2.2250738585072014e-308,0.0,0.0,0.0,0.0,0.5,0.1
4.77999999999992,2.2250738585072014e-308,0.0,0.0,0.0,0.0,0.5,0.1
4.78499999999992,2.2250738585072014e-308,0.0,0.0,0.0,0.0,0.5,0.1
4.78999999999992,2.2250738585072014e-308,0.0,0.0,0.0,0.0,0.5,0.1
4.79499999999992,2.2250738585072014e-308,0.0,0.0,0.0,0.0,0.5,0.1
4.79999999999992,2.2250738585072014e-308,0.0,0.0,0.0,0.0,0.5,0.1
4.80499999999992,2.2250738585072014e-308,0.0,0.0,0.0,0.0,0.5,0.1
4.80999999999992,2.2250738585072014e-308,0.0,0.0,0.0,0.0,0.5,0.1
4.81499999999992,2.2250738585072014e-308,0.0,0.0,0.0,0.0,0.5,0.1
4.8199999999999195,2.2250738585072014e-308,0.0,0.0,0.0,0.0,0.5,0.1
4.824999999999919,2.2250738585072014e-308,0.0,0.0,0.0,0.0,0.5,0.1
4.829999999999919,2.2250738585072014e-308,0.0,0.0,0.0,0.0,0.5,0.1
4.834999999999919,2.2250738585072014e-308,0.0,0.0,0.0,0.0,0.5,0.1
4.839999999999919,2.2250738585072014e-308,0.0,0.0,0.0,0.0,0.5,0.1
4.844999999999919,2.2250738585072014e-308,0.0,0.0,0.0,0.0,0.5,0.1
4.849999999999919,2.2250738585072014e-308,0.0,0.0,0.0,0.0,0.5,0.1
4.854999999999919,2.2250738585072014e-308,0.0,0.0,0.0,0.0,0.5,0.1
4.859999999999919,2.2250738585072014e-308,0.0,0.0,0.0,0.0,0.5,0.1
4.8649999999999185,2.2250738585072014e-308,0.0,0.0,0.0,0.0,0.5,0.1
4.869999999999918,2.2250738585072014e-308,0.0,0.0,0.0,0.0,0.5,0.1
4.874999999999918,2.2250738585072014e-308,0.0,0.0,0.0,0.0,0.5,0.1
4.879999999999918,2.2250738585072014e-308,0.0,0.0,0.0,0.0,0.5,0.1
4.884999999999918,2.2250738585072014e-308,0.0,0.0,0.0,0.0,0.5,0.1
4.889999999999918,2.2250738585072014e-308,0.0,0.0,0.0,0.0,0.5,0.1
4.894999999999918,2.2250738585072014e-308,0.0,0.0,0.0,0.0,0.5,0.1
4.899999999999918,2.2250738585072014e-308,0.0,0.0,0.0,0.0,0.5,0.1
4.904999999999918,2.2250738585072014e-308,0.0,0.0,0.0,0.0,0.5,0.1
4.9099999999999175,2.2250738585072014e-308,0.0,0.0,0.0,0.0,0.5,0.1
4.914999999999917,2.2250738585072014e-308,0.0,0.0,0.0,0.0,0.5,0.1
4.919999999999917,2.2250738585072014e-308,0.0,0.0,0.0,0.0,0.5,0.1
4.924999999999917,2.2250738585072014e-308,0.0,0.0,0.0,0.0,0.5,0.1
4.929999999999917,2.2250738585072014e-308,0.0,0.0,0.0,0.0,0.5,0.1
4.934999999999917,2.2250738585072014e-308,0.0,0.0,0.0,0.0,0.5,0.1
4.939999999999917,2.2250738585072014e-308,0.0,0.0,0.0,0.0,0.5,0.1
4.944999999999917,2.2250738585072014e-308,0.0,0.0,0.0,0.0,0.5,0.1
4.949999999999917,2.2250738585072014e-308,0.0,0.0,0.0,0.0,0.5,0.1
4.954999999999917,2.2250738585072014e-308,0.0,0.0,0.0,0.0,0.5,0.1
4.9599999999999165,2.2250738585072014e-308,0.0,0.0,0.0,0.0,0.5,0.1
4.964999999999916,2.2250738585072014e-308,0.0,0.0,0.0,0.0,0.5,0.1
4.969999999999916,2.2250738585072014e-308,0.0,0.0,0.0,0.0,0.5,0.1
4.974999999999916,2.2250738585072014e-308,0.0,0.0,0.0,0.0,0.5,0.1
4.979999999999916,2.2250738585072014e-308,0.0,0.0,0.0,0.0,0.5,0.1
4.984999999999916,2.2250738585072014e-308,0.0,0.0,0.0,0.0,0.5,0.1
4.989999999999916,2.2250738585072014e-308,0.0,0.0,0.0,0.0,0.5,0.1
4.994999999999916,2.2250738585072014e-308,0.0,0.0,0.0,0.0,0.5,0.1
4.999999999999916,2.2250738585072014e-308,0.0,0.0,0.0,0.0,0.5,0.1
5.0049999999999155,2.2250738585072014e-308,0.0,0.0,0.0,0.0,0.5,0.1
